<?xml version="1.0" encoding="utf-8"?>
<leagues xmlns:pct="de/loth/richard/projects/PoeChallengeTracker/xmlns">
  <pct:league>
    <pct:leaguename>Essence</pct:leaguename>
    <pct:endsOn>
      2016-11-28 21:00Z
    </pct:endsOn>
    <pct:challenges>
      <pct:challenge createWikiLinks="true">
        <pct:name>Activate these Waypoints</pct:name>
        <pct:description>Activate the Waypoints in each of the following areas in Normal difficulty.</pct:description>
        <pct:type>Progressable</pct:type>
        <pct:neededToComplete>8</pct:neededToComplete>
        <pct:subchallenge>
          <pct:name>The Climb</pct:name>
        </pct:subchallenge>
        <pct:subchallenge>
          <pct:name>The Ship Graveyard</pct:name>
        </pct:subchallenge>
        <pct:subchallenge>
          <pct:name>The Western Forest</pct:name>
        </pct:subchallenge>
        <pct:subchallenge>
          <pct:name>The Broken Bridge</pct:name>
        </pct:subchallenge>
        <pct:subchallenge>
          <pct:name>The Marketplace</pct:name>
        </pct:subchallenge>
        <pct:subchallenge>
          <pct:name>The Library</pct:name>
        </pct:subchallenge>
        <pct:subchallenge>
          <pct:name>Kaom's Stronghold</pct:name>
        </pct:subchallenge>
        <pct:subchallenge>
          <pct:name>The Grand Arena</pct:name>
        </pct:subchallenge>
      </pct:challenge>
      <pct:challenge>
        <pct:name>Combine three Essences</pct:name>
        <pct:description>Trade any three identical Essences to a vendor.</pct:description>
        <pct:type>Binary</pct:type>
      </pct:challenge>
      <pct:challenge>
        <pct:name>Kill 50 Monsters with Essences</pct:name>
        <pct:description>Kill 50 monsters that have Essences.</pct:description>
        <pct:type>ProgressableNoSubs</pct:type>
        <pct:neededToComplete>50</pct:neededToComplete>
      </pct:challenge>
      <pct:challenge createWikiLinks="true">
        <pct:name>Complete these Normal Quests</pct:name>
        <pct:description>Complete each of the following quests in Normal Difficulty.</pct:description>
        <pct:type>Progressable</pct:type>
        <pct:neededToComplete>6</pct:neededToComplete>
        <pct:subchallenge>
          <pct:name>Mercy Mission</pct:name>
        </pct:subchallenge>
        <pct:subchallenge>
          <pct:name>Through Sacred Ground</pct:name>
        </pct:subchallenge>
        <pct:subchallenge>
          <pct:name>The Great White Beast</pct:name>
        </pct:subchallenge>
        <pct:subchallenge>
          <pct:name>Sever the Right Hand</pct:name>
        </pct:subchallenge>
        <pct:subchallenge>
          <pct:name>A Swig of Hope</pct:name>
        </pct:subchallenge>
        <pct:subchallenge>
          <pct:name>A Fixture of Fate</pct:name>
        </pct:subchallenge>
      </pct:challenge>
      <pct:challenge>
        <pct:name>Complete these Encounters I</pct:name>
        <pct:description>Complete each of the following Encounters.</pct:description>
        <pct:type>Progressable</pct:type>
        <pct:neededToComplete>6</pct:neededToComplete>
        <pct:subchallenge>
          <pct:name>Complete a Master's Mission</pct:name>
        </pct:subchallenge>
        <pct:subchallenge>
          <pct:name>Kill a Possessed Monster</pct:name>
        </pct:subchallenge>
        <pct:subchallenge>
          <pct:name>Kill a Rare monster with a Nemesis mod</pct:name>
        </pct:subchallenge>
        <pct:subchallenge>
          <pct:name>Kill a Rogue Exile</pct:name>
        </pct:subchallenge>
        <pct:subchallenge>
          <pct:name>Rescue Navali</pct:name>
        </pct:subchallenge>
        <pct:subchallenge>
          <pct:name>Slay the Boss of a Corrupted Vaal Side Area</pct:name>
        </pct:subchallenge>
      </pct:challenge>
      <pct:challenge>
        <pct:name>Kill these Normal Act Bosses</pct:name>
        <pct:description>Kill each of the following Unique Bosses in Normal Difficulty.</pct:description>
        <pct:type>Progressable</pct:type>
        <pct:neededToComplete>4</pct:neededToComplete>
        <pct:subchallenge>
          <pct:name>Act 1: Merveil, the Twisted</pct:name>
        </pct:subchallenge>
        <pct:subchallenge>
          <pct:name>Act 2: Vaal Oversoul</pct:name>
        </pct:subchallenge>
        <pct:subchallenge>
          <pct:name>Act 3: Dominus, Ascendant</pct:name>
        </pct:subchallenge>
        <pct:subchallenge>
          <pct:name>Act 4: Malachai, The Nightmare</pct:name>
        </pct:subchallenge>
      </pct:challenge>
      <pct:challenge createWikiLinks="true">
        <pct:name>Kill Rare Monsters in Cruel</pct:name>
        <pct:description>Kill a Rare Monster of each of these types in either Cruel or Merciless Difficulty.</pct:description>
        <pct:type>Progressable</pct:type>
        <pct:neededToComplete>12</pct:neededToComplete>
        <pct:subchallenge>
          <pct:name>Death Bishop</pct:name>
        </pct:subchallenge>
        <pct:subchallenge>
          <pct:name>Fighting Bull</pct:name>
        </pct:subchallenge>
        <pct:subchallenge>
          <pct:name>Fury Hound</pct:name>
        </pct:subchallenge>
        <pct:subchallenge>
          <pct:name>Hyrri's Sister</pct:name>
        </pct:subchallenge>
        <pct:subchallenge>
          <pct:name>Kaom's Chosen</pct:name>
        </pct:subchallenge>
        <pct:subchallenge>
          <pct:name>Lavianga's Acolyte</pct:name>
        </pct:subchallenge>
        <pct:subchallenge>
          <pct:name>Mad Gladiator</pct:name>
        </pct:subchallenge>
        <pct:subchallenge>
          <pct:name>Pitbull Demon</pct:name>
        </pct:subchallenge>
        <pct:subchallenge>
          <pct:name>Porcupine Goliath</pct:name>
        </pct:subchallenge>
        <pct:subchallenge>
          <pct:name>Rooster Demon</pct:name>
        </pct:subchallenge>
        <pct:subchallenge>
          <pct:name>Tentacle Miscreation</pct:name>
        </pct:subchallenge>
        <pct:subchallenge>
          <pct:name>Undying Evangelist</pct:name>
        </pct:subchallenge>
      </pct:challenge>
      <pct:challenge>
        <pct:name>Complete these Encounters II</pct:name>
        <pct:description>Complete each of the following Encounters.</pct:description>
        <pct:type>Progressable</pct:type>
        <pct:neededToComplete>6</pct:neededToComplete>
        <pct:subchallenge>
          <pct:name>Fully clear a Corrupted Vaal Side Area</pct:name>
        </pct:subchallenge>
        <pct:subchallenge>
          <pct:name>Kill a Keepers of the Trove Bloodline Pack</pct:name>
        </pct:subchallenge>
        <pct:subchallenge>
          <pct:name>Kill a Monster possessed by a Tormented Embezzler</pct:name>
        </pct:subchallenge>
        <pct:subchallenge>
          <pct:name>Kill a Rare monster with Inner Treasure</pct:name>
        </pct:subchallenge>
        <pct:subchallenge>
          <pct:name>Kill a Rogue Templar</pct:name>
        </pct:subchallenge>
        <pct:subchallenge>
          <pct:name>Open a Diviner's Strongbox</pct:name>
        </pct:subchallenge>
      </pct:challenge>
      <pct:challenge>
        <pct:name>Corrupt Essences</pct:name>
        <pct:description>Obtain each of the following results when using a Remnant of Corruption on a monster trapped by an Essence.</pct:description>
        <pct:type>Progressable</pct:type>
        <pct:neededToComplete>4</pct:neededToComplete>
        <pct:subchallenge>
          <pct:name>Add an additional Essence</pct:name>
        </pct:subchallenge>
        <pct:subchallenge>
          <pct:name>Change the Essence to a different type</pct:name>
        </pct:subchallenge>
        <pct:subchallenge>
          <pct:name>Increase the Essence's level</pct:name>
        </pct:subchallenge>
        <pct:subchallenge>
          <pct:name>Release the trapped monster</pct:name>
        </pct:subchallenge>
      </pct:challenge>
      <pct:challenge createWikiLinks="true">
        <pct:name>Kill these Unique Monsters</pct:name>
        <pct:description>Kill each of the following Unique Monsters in either Cruel or Merciless Difficulty.</pct:description>
        <pct:type>Progressable</pct:type>
        <pct:neededToComplete>8</pct:neededToComplete>
        <pct:subchallenge>
          <pct:name>Barkhul</pct:name>
        </pct:subchallenge>
        <pct:subchallenge>
          <pct:name>Guardian of the Mound</pct:name>
        </pct:subchallenge>
        <pct:subchallenge>
          <pct:name>Ironpoint the Forsaken</pct:name>
        </pct:subchallenge>
        <pct:subchallenge>
          <pct:name>Soulmourn</pct:name>
        </pct:subchallenge>
        <pct:subchallenge>
          <pct:name>Spinesnap</pct:name>
        </pct:subchallenge>
        <pct:subchallenge>
          <pct:name>Tailsinger</pct:name>
        </pct:subchallenge>
        <pct:subchallenge>
          <pct:name>Thistlesage</pct:name>
        </pct:subchallenge>
        <pct:subchallenge>
          <pct:name>Triskeriaki</pct:name>
        </pct:subchallenge>
      </pct:challenge>
      <pct:challenge createWikiLinks="true">
        <pct:name>Use these Currency Items</pct:name>
        <pct:description>Use each of the following Currency items.</pct:description>
        <pct:type>Progressable</pct:type>
        <pct:neededToComplete>15</pct:neededToComplete>
        <pct:subchallenge>
          <pct:name>Armourer's Scrap</pct:name>
        </pct:subchallenge>
        <pct:subchallenge>
          <pct:name>Blacksmith's Whetstone</pct:name>
        </pct:subchallenge>
        <pct:subchallenge>
          <pct:name>Chaos Orb</pct:name>
        </pct:subchallenge>
        <pct:subchallenge>
          <pct:name>Chromatic Orb</pct:name>
        </pct:subchallenge>
        <pct:subchallenge>
          <pct:name>Glassblower's Bauble</pct:name>
        </pct:subchallenge>
        <pct:subchallenge>
          <pct:name>Jeweller's Orb</pct:name>
        </pct:subchallenge>
        <pct:subchallenge>
          <pct:name>Orb of Alchemy</pct:name>
        </pct:subchallenge>
        <pct:subchallenge>
          <pct:name>Orb of Alteration</pct:name>
        </pct:subchallenge>
        <pct:subchallenge>
          <pct:name>Orb of Augmentation</pct:name>
        </pct:subchallenge>
        <pct:subchallenge>
          <pct:name>Orb of Chance</pct:name>
        </pct:subchallenge>
        <pct:subchallenge>
          <pct:name>Orb of Fusing</pct:name>
        </pct:subchallenge>
        <pct:subchallenge>
          <pct:name>Orb of Scouring</pct:name>
        </pct:subchallenge>
        <pct:subchallenge>
          <pct:name>Orb of Transmutation</pct:name>
        </pct:subchallenge>
        <pct:subchallenge>
          <pct:name>Sealed Prophecy</pct:name>
        </pct:subchallenge>
        <pct:subchallenge>
          <pct:name>Vaal Orb</pct:name>
        </pct:subchallenge>
      </pct:challenge>
      <pct:challenge>
        <pct:name>Kill these Cruel Act Bosses</pct:name>
        <pct:description>Kill each of the following Unique Bosses in Cruel Difficulty.</pct:description>
        <pct:type>Progressable</pct:type>
        <pct:neededToComplete>4</pct:neededToComplete>
        <pct:subchallenge>
          <pct:name>Act 1: Merveil, the Twisted</pct:name>
        </pct:subchallenge>
        <pct:subchallenge>
          <pct:name>Act 2: Vaal Oversoul</pct:name>
        </pct:subchallenge>
        <pct:subchallenge>
          <pct:name>Act 3: Dominus, Ascendant</pct:name>
        </pct:subchallenge>
        <pct:subchallenge>
          <pct:name>Act 4: Malachai, The Nightmare</pct:name>
        </pct:subchallenge>
      </pct:challenge>
      <pct:challenge>
        <pct:name>Kill 40 Monsters Bearing Silver</pct:name>
        <pct:description>Kill 40 monsters that are carrying Silver Coins.</pct:description>
        <pct:type>ProgressableNoSubs</pct:type>
        <pct:neededToComplete>40</pct:neededToComplete>
      </pct:challenge>
      <pct:challenge>
        <pct:name>Claim these Essences</pct:name>
        <pct:description>Kill a monster that has each of the following Essences.</pct:description>
        <pct:type>Progressable</pct:type>
        <pct:neededToComplete>24</pct:neededToComplete>
        <pct:subchallenge>
          <pct:name>Essence of Anger</pct:name>
        </pct:subchallenge>
        <pct:subchallenge>
          <pct:name>Essence of Anguish</pct:name>
        </pct:subchallenge>
        <pct:subchallenge>
          <pct:name>Essence of Contempt</pct:name>
        </pct:subchallenge>
        <pct:subchallenge>
          <pct:name>Essence of Delirium</pct:name>
        </pct:subchallenge>
        <pct:subchallenge>
          <pct:name>Essence of Doubt</pct:name>
        </pct:subchallenge>
        <pct:subchallenge>
          <pct:name>Essence of Dread</pct:name>
        </pct:subchallenge>
        <pct:subchallenge>
          <pct:name>Essence of Envy</pct:name>
        </pct:subchallenge>
        <pct:subchallenge>
          <pct:name>Essence of Fear</pct:name>
        </pct:subchallenge>
        <pct:subchallenge>
          <pct:name>Essence of Greed</pct:name>
        </pct:subchallenge>
        <pct:subchallenge>
          <pct:name>Essence of Hatred</pct:name>
        </pct:subchallenge>
        <pct:subchallenge>
          <pct:name>Essence of Horror</pct:name>
        </pct:subchallenge>
        <pct:subchallenge>
          <pct:name>Essence of Hysteria</pct:name>
        </pct:subchallenge>
        <pct:subchallenge>
          <pct:name>Essence of Insanity</pct:name>
        </pct:subchallenge>
        <pct:subchallenge>
          <pct:name>Essence of Loathing</pct:name>
        </pct:subchallenge>
        <pct:subchallenge>
          <pct:name>Essence of Misery</pct:name>
        </pct:subchallenge>
        <pct:subchallenge>
          <pct:name>Essence of Rage</pct:name>
        </pct:subchallenge>
        <pct:subchallenge>
          <pct:name>Essence of Scorn</pct:name>
        </pct:subchallenge>
        <pct:subchallenge>
          <pct:name>Essence of Sorrow</pct:name>
        </pct:subchallenge>
        <pct:subchallenge>
          <pct:name>Essence of Spite</pct:name>
        </pct:subchallenge>
        <pct:subchallenge>
          <pct:name>Essence of Suffering</pct:name>
        </pct:subchallenge>
        <pct:subchallenge>
          <pct:name>Essence of Torment</pct:name>
        </pct:subchallenge>
        <pct:subchallenge>
          <pct:name>Essence of Woe</pct:name>
        </pct:subchallenge>
        <pct:subchallenge>
          <pct:name>Essence of Wrath</pct:name>
        </pct:subchallenge>
        <pct:subchallenge>
          <pct:name>Essence of Zeal</pct:name>
        </pct:subchallenge>
      </pct:challenge>
      <pct:challenge createWikiLinks="true">
        <pct:name>Kill these Vaal Bosses</pct:name>
        <pct:description>Kill each of the following Unique monsters in any Difficulty.</pct:description>
        <pct:type>Progressable</pct:type>
        <pct:neededToComplete>12</pct:neededToComplete>
        <pct:subchallenge>
          <pct:name>Beheader Ataguchu</pct:name>
        </pct:subchallenge>
        <pct:subchallenge>
          <pct:name>Calxipher</pct:name>
        </pct:subchallenge>
        <pct:subchallenge>
          <pct:name>Ch'aska, Maker of Rain</pct:name>
        </pct:subchallenge>
        <pct:subchallenge>
          <pct:name>Cintiq, the Inescapable</pct:name>
        </pct:subchallenge>
        <pct:subchallenge>
          <pct:name>Commander of Flesh</pct:name>
        </pct:subchallenge>
        <pct:subchallenge>
          <pct:name>Konu, Maker of Wind</pct:name>
        </pct:subchallenge>
        <pct:subchallenge>
          <pct:name>Kutec, Vaal Fleshsmith</pct:name>
        </pct:subchallenge>
        <pct:subchallenge>
          <pct:name>Quetzerxi</pct:name>
        </pct:subchallenge>
        <pct:subchallenge>
          <pct:name>Sheaq, Maker of Floods</pct:name>
        </pct:subchallenge>
        <pct:subchallenge>
          <pct:name>The Sunburst Queen</pct:name>
        </pct:subchallenge>
        <pct:subchallenge>
          <pct:name>Wiraq, the Impaler</pct:name>
        </pct:subchallenge>
        <pct:subchallenge>
          <pct:name>Wiraqucha, Ancient Guardian</pct:name>
        </pct:subchallenge>
      </pct:challenge>
      <pct:challenge createWikiLinks="true">
        <pct:name>Level these Masters</pct:name>
        <pct:description>Reach Reputation Level 5 with at least 6 of these 8 Forsaken Masters.</pct:description>
        <pct:type>Progressable</pct:type>
        <pct:neededToComplete>6</pct:neededToComplete>
        <pct:subchallenge>
          <pct:name>Catarina, Master of the Dead</pct:name>
        </pct:subchallenge>
        <pct:subchallenge>
          <pct:name>Elreon, Loremaster</pct:name>
        </pct:subchallenge>
        <pct:subchallenge>
          <pct:name>Haku, Armourmaster</pct:name>
        </pct:subchallenge>
        <pct:subchallenge>
          <pct:name>Leo, Master of the Arena</pct:name>
        </pct:subchallenge>
        <pct:subchallenge>
          <pct:name>Tora, Master of the Hunt</pct:name>
        </pct:subchallenge>
        <pct:subchallenge>
          <pct:name>Vagan, Weaponmaster</pct:name>
        </pct:subchallenge>
        <pct:subchallenge>
          <pct:name>Vorici, Master Assassin</pct:name>
        </pct:subchallenge>
        <pct:subchallenge>
          <pct:name>Zana, Master Cartographer</pct:name>
        </pct:subchallenge>
      </pct:challenge>
      <pct:challenge>
        <pct:name>Kill 500 Rare Monsters</pct:name>
        <pct:description>Kill 500 Rare Monsters in any Difficulty.</pct:description>
        <pct:type>ProgressableNoSubs</pct:type>
        <pct:neededToComplete>500</pct:neededToComplete>
      </pct:challenge>
      <pct:challenge>
        <pct:name>Kill Multi-Essence Monsters</pct:name>
        <pct:description>Kill Monsters that have multiple Essences, with these quantities.</pct:description>
        <pct:type>Progressable</pct:type>
        <pct:neededToComplete>3</pct:neededToComplete>
        <pct:subchallenge>
          <pct:name>Two Essences</pct:name>
        </pct:subchallenge>
        <pct:subchallenge>
          <pct:name>Three Essences</pct:name>
        </pct:subchallenge>
        <pct:subchallenge>
          <pct:name>Four Essences</pct:name>
        </pct:subchallenge>
      </pct:challenge>
      <pct:challenge createWikiLinks="true">
        <pct:name>Currency from Vendor Recipes</pct:name>
        <pct:description>Complete vendor recipes to receive each of the following items. A vendor recipe is when you trade a specific pattern of items to a vendor, not when you buy items from his/her purchase screen.</pct:description>
        <pct:type>Progressable</pct:type>
        <pct:neededToComplete>8</pct:neededToComplete>
        <pct:subchallenge>
          <pct:name>Cartographer's Chisel</pct:name>
        </pct:subchallenge>
        <pct:subchallenge>
          <pct:name>Chaos Orb</pct:name>
        </pct:subchallenge>
        <pct:subchallenge>
          <pct:name>Chromatic Orb</pct:name>
        </pct:subchallenge>
        <pct:subchallenge>
          <pct:name>Jeweller's Orb</pct:name>
        </pct:subchallenge>
        <pct:subchallenge>
          <pct:name>Orb of Alchemy</pct:name>
        </pct:subchallenge>
        <pct:subchallenge>
          <pct:name>Orb of Augmentation</pct:name>
        </pct:subchallenge>
        <pct:subchallenge>
          <pct:name>Orb of Chance</pct:name>
        </pct:subchallenge>
        <pct:subchallenge>
          <pct:name>Vaal Orb</pct:name>
        </pct:subchallenge>
      </pct:challenge>
      <pct:challenge>
        <pct:name>Use these Essences</pct:name>
        <pct:description>Use each of the following Essences to upgrade or reforge items.</pct:description>
        <pct:type>Progressable</pct:type>
        <pct:neededToComplete>7</pct:neededToComplete>
        <pct:subchallenge>
          <pct:name>Whispering</pct:name>
        </pct:subchallenge>
        <pct:subchallenge>
          <pct:name>Muttering</pct:name>
        </pct:subchallenge>
        <pct:subchallenge>
          <pct:name>Weeping</pct:name>
        </pct:subchallenge>
        <pct:subchallenge>
          <pct:name>Wailing</pct:name>
        </pct:subchallenge>
        <pct:subchallenge>
          <pct:name>Screaming</pct:name>
        </pct:subchallenge>
        <pct:subchallenge>
          <pct:name>Shrieking</pct:name>
        </pct:subchallenge>
        <pct:subchallenge>
          <pct:name>Deafening</pct:name>
        </pct:subchallenge>
      </pct:challenge>
      <pct:challenge>
        <pct:name>Fully Upgrade your Hideout</pct:name>
        <pct:description>Create or Upgrade to a Large-sized Hideout.</pct:description>
        <pct:type>Binary</pct:type>
      </pct:challenge>
      <pct:challenge>
        <pct:name>Level a Gem to 20</pct:name>
        <pct:description>Upgrade a Skill Gem or a Support Gem to level 20. You can trade it away afterwards.</pct:description>
        <pct:type>Binary</pct:type>
      </pct:challenge>
      <pct:challenge>
        <pct:name>Identify 100 Unique Items</pct:name>
        <pct:description>Identify any 100 Unique Items. You can trade them away afterwards.</pct:description>
        <pct:type>ProgressableNoSubs</pct:type>
        <pct:neededToComplete>100</pct:neededToComplete>
      </pct:challenge>
      <pct:challenge>
        <pct:name>Fulfil a Prophecy Chain</pct:name>
        <pct:description>Complete a Prophecy Chain associated with Pale Council members.</pct:description>
        <pct:type>Binary</pct:type>
      </pct:challenge>
      <pct:challenge>
        <pct:name>Complete these Encounters III</pct:name>
        <pct:description>Complete each of the following Encounters.</pct:description>
        <pct:type>Progressable</pct:type>
        <pct:neededToComplete>5</pct:neededToComplete>
        <pct:subchallenge>
          <pct:name>Kill Haast, Unrelenting Frost</pct:name>
        </pct:subchallenge>
        <pct:subchallenge>
          <pct:name>Kill Igna Phoenix</pct:name>
        </pct:subchallenge>
        <pct:subchallenge>
          <pct:name>Kill Monsters touched by Tormented Spirits</pct:name>
          <pct:neededToCompleteSub>500</pct:neededToCompleteSub>
        </pct:subchallenge>
        <pct:subchallenge>
          <pct:name>Open a Cartographer's Strongbox</pct:name>
        </pct:subchallenge>
        <pct:subchallenge>
          <pct:name>Touch an Echoing Shrine</pct:name>
        </pct:subchallenge>
      </pct:challenge>
      <pct:challenge>
        <pct:name>Kill these Merciless Act Bosses</pct:name>
        <pct:description>Kill each of the following Unique bosses in Merciless Difficulty.</pct:description>
        <pct:type>Progressable</pct:type>
        <pct:neededToComplete>4</pct:neededToComplete>
        <pct:subchallenge>
          <pct:name>Act 1: Merveil, the Twisted</pct:name>
        </pct:subchallenge>
        <pct:subchallenge>
          <pct:name>Act 2: Vaal Oversoul</pct:name>
        </pct:subchallenge>
        <pct:subchallenge>
          <pct:name>Act 3: Dominus, Ascendant</pct:name>
        </pct:subchallenge>
        <pct:subchallenge>
          <pct:name>Act 4: Malachai, The Nightmare</pct:name>
        </pct:subchallenge>
      </pct:challenge>
      <pct:challenge>
        <pct:name>Achieve Ascension</pct:name>
        <pct:description>Use the Ascendancy Device in each of the following places.</pct:description>
        <pct:type>Progressable</pct:type>
        <pct:neededToComplete>4</pct:neededToComplete>
        <pct:subchallenge>
          <pct:name>The Normal Labyrinth</pct:name>
        </pct:subchallenge>
        <pct:subchallenge>
          <pct:name>The Cruel Labyrinth</pct:name>
        </pct:subchallenge>
        <pct:subchallenge>
          <pct:name>The Merciless Labyrinth</pct:name>
        </pct:subchallenge>
        <pct:subchallenge>
          <pct:name>The Endgame Labyrinth</pct:name>
        </pct:subchallenge>
      </pct:challenge>
      <pct:challenge>
        <pct:name>Reach Level 90</pct:name>
        <pct:description>Attain character level 90. This challenge still counts even if your character dies afterwards.</pct:description>
        <pct:type>Binary</pct:type>
      </pct:challenge>
      <pct:challenge>
        <pct:name>Shape these Maps</pct:name>
        <pct:description>Use a Shaper's Orb to upgrade Maps of the following Tiers.</pct:description>
        <pct:type>Progressable</pct:type>
        <pct:neededToComplete>10</pct:neededToComplete>
        <pct:subchallenge>
          <pct:name>Tier 1</pct:name>
        </pct:subchallenge>
        <pct:subchallenge>
          <pct:name>Tier 2</pct:name>
        </pct:subchallenge>
        <pct:subchallenge>
          <pct:name>Tier 3</pct:name>
        </pct:subchallenge>
        <pct:subchallenge>
          <pct:name>Tier 4</pct:name>
        </pct:subchallenge>
        <pct:subchallenge>
          <pct:name>Tier 5</pct:name>
        </pct:subchallenge>
        <pct:subchallenge>
          <pct:name>Tier 6</pct:name>
        </pct:subchallenge>
        <pct:subchallenge>
          <pct:name>Tier 7</pct:name>
        </pct:subchallenge>
        <pct:subchallenge>
          <pct:name>Tier 8</pct:name>
        </pct:subchallenge>
        <pct:subchallenge>
          <pct:name>Tier 9</pct:name>
        </pct:subchallenge>
        <pct:subchallenge>
          <pct:name>Tier 10</pct:name>
        </pct:subchallenge>
      </pct:challenge>
      <pct:challenge>
        <pct:name>Kill these Warband Leaders</pct:name>
        <pct:description>Kill each of the following Warband Leaders.</pct:description>
        <pct:type>Progressable</pct:type>
        <pct:neededToComplete>18</pct:neededToComplete>
        <pct:subchallenge>
          <pct:name>Berrots, The Breaker</pct:name>
          <pct:info>
            <pct:text>Wiki</pct:text>
            <pct:url>http://pathofexile.gamepedia.com/Warband#Warbands_Members</pct:url>
          </pct:info>
        </pct:subchallenge>
        <pct:subchallenge>
          <pct:name>Bin'aia, Crimson Rain</pct:name>
          <pct:info>
            <pct:text>Wiki</pct:text>
            <pct:url>http://pathofexile.gamepedia.com/Warband#Warbands_Members</pct:url>
          </pct:info>
        </pct:subchallenge>
        <pct:subchallenge>
          <pct:name>El'Abin, Bloodeater</pct:name>
          <pct:info>
            <pct:text>Wiki</pct:text>
            <pct:url>http://pathofexile.gamepedia.com/Warband#Warbands_Members</pct:url>
          </pct:info>
        </pct:subchallenge>
        <pct:subchallenge>
          <pct:name>Invari, The Bloodshaper</pct:name>
          <pct:info>
            <pct:text>Wiki</pct:text>
            <pct:url>http://pathofexile.gamepedia.com/Warband#Warbands_Members</pct:url>
          </pct:info>
        </pct:subchallenge>
        <pct:subchallenge>
          <pct:name>Jeinei Yuushu</pct:name>
          <pct:info>
            <pct:text>Wiki</pct:text>
            <pct:url>http://pathofexile.gamepedia.com/Warband#Warbands_Members</pct:url>
          </pct:info>
        </pct:subchallenge>
        <pct:subchallenge>
          <pct:name>Kalria, The Risen</pct:name>
          <pct:info>
            <pct:text>Wiki</pct:text>
            <pct:url>http://pathofexile.gamepedia.com/Warband#Warbands_Members</pct:url>
          </pct:info>
        </pct:subchallenge>
        <pct:subchallenge>
          <pct:name>Leli Goya, Daughter of Ash</pct:name>
          <pct:info>
            <pct:text>Wiki</pct:text>
            <pct:url>http://pathofexile.gamepedia.com/Warband#Warbands_Members</pct:url>
          </pct:info>
        </pct:subchallenge>
        <pct:subchallenge>
          <pct:name>Lokan, The Deceiver</pct:name>
          <pct:info>
            <pct:text>Wiki</pct:text>
            <pct:url>http://pathofexile.gamepedia.com/Warband#Warbands_Members</pct:url>
          </pct:info>
        </pct:subchallenge>
        <pct:subchallenge>
          <pct:name>Lussi "Rotmother" Roth</pct:name>
          <pct:info>
            <pct:text>Wiki</pct:text>
            <pct:url>http://pathofexile.gamepedia.com/Warband#Warbands_Members</pct:url>
          </pct:info>
        </pct:subchallenge>
        <pct:subchallenge>
          <pct:name>Marchak, The Betrayer</pct:name>
          <pct:info>
            <pct:text>Wiki</pct:text>
            <pct:url>http://pathofexile.gamepedia.com/Warband#Warbands_Members</pct:url>
          </pct:info>
        </pct:subchallenge>
        <pct:subchallenge>
          <pct:name>Morgrants, The Deafening</pct:name>
          <pct:info>
            <pct:text>Wiki</pct:text>
            <pct:url>http://pathofexile.gamepedia.com/Warband#Warbands_Members</pct:url>
          </pct:info>
        </pct:subchallenge>
        <pct:subchallenge>
          <pct:name>Musky "Two-Eyes" Grenn</pct:name>
          <pct:info>
            <pct:text>Wiki</pct:text>
            <pct:url>http://pathofexile.gamepedia.com/Warband#Warbands_Members</pct:url>
          </pct:info>
        </pct:subchallenge>
        <pct:subchallenge>
          <pct:name>Otesha, the Giantslayer</pct:name>
          <pct:info>
            <pct:text>Wiki</pct:text>
            <pct:url>http://pathofexile.gamepedia.com/Warband#Warbands_Members</pct:url>
          </pct:info>
        </pct:subchallenge>
        <pct:subchallenge>
          <pct:name>Rama, The Kinslayer</pct:name>
          <pct:info>
            <pct:text>Wiki</pct:text>
            <pct:url>http://pathofexile.gamepedia.com/Warband#Warbands_Members</pct:url>
          </pct:info>
        </pct:subchallenge>
        <pct:subchallenge>
          <pct:name>Susara, Siren of Pondium</pct:name>
          <pct:info>
            <pct:text>Wiki</pct:text>
            <pct:url>http://pathofexile.gamepedia.com/Warband#Warbands_Members</pct:url>
          </pct:info>
        </pct:subchallenge>
        <pct:subchallenge>
          <pct:name>Uruk Baleh</pct:name>
          <pct:info>
            <pct:text>Wiki</pct:text>
            <pct:url>http://pathofexile.gamepedia.com/Warband#Warbands_Members</pct:url>
          </pct:info>
        </pct:subchallenge>
        <pct:subchallenge>
          <pct:name>Vessider, The Unrivaled</pct:name>
          <pct:info>
            <pct:text>Wiki</pct:text>
            <pct:url>http://pathofexile.gamepedia.com/Warband#Warbands_Members</pct:url>
          </pct:info>
        </pct:subchallenge>
        <pct:subchallenge>
          <pct:name>Yorishi, Aurora-sage</pct:name>
          <pct:info>
            <pct:text>Wiki</pct:text>
            <pct:url>http://pathofexile.gamepedia.com/Warband#Warbands_Members</pct:url>
          </pct:info>
        </pct:subchallenge>
      </pct:challenge>
      <pct:challenge>
        <pct:name>Read Memory Fragments</pct:name>
        <pct:description>Read each of the following Memory Fragments.</pct:description>
        <pct:type>Progressable</pct:type>
        <pct:neededToComplete>7</pct:neededToComplete>
        <pct:subchallenge>
          <pct:name>Memory of Home</pct:name>
        </pct:subchallenge>
        <pct:subchallenge>
          <pct:name>Memory of Intrigue</pct:name>
        </pct:subchallenge>
        <pct:subchallenge>
          <pct:name>Memory of Wonder</pct:name>
        </pct:subchallenge>
        <pct:subchallenge>
          <pct:name>Memory of Dream</pct:name>
        </pct:subchallenge>
        <pct:subchallenge>
          <pct:name>Memory of Nightmare</pct:name>
        </pct:subchallenge>
        <pct:subchallenge>
          <pct:name>Memory of Grief</pct:name>
        </pct:subchallenge>
        <pct:subchallenge>
          <pct:name>Memory of Awakening</pct:name>
        </pct:subchallenge>
      </pct:challenge>
      <pct:challenge>
        <pct:name>Complete Twinned Maps</pct:name>
        <pct:description>Complete Maps in 10 of the following 15 tiers while they have the Twinned mod. These Maps are completed by killing their Unique Bosses.</pct:description>
        <pct:type>Progressable</pct:type>
        <pct:neededToComplete>10</pct:neededToComplete>
        <pct:subchallenge>
          <pct:name>Tier 1</pct:name>
        </pct:subchallenge>
        <pct:subchallenge>
          <pct:name>Tier 2</pct:name>
        </pct:subchallenge>
        <pct:subchallenge>
          <pct:name>Tier 3</pct:name>
        </pct:subchallenge>
        <pct:subchallenge>
          <pct:name>Tier 4</pct:name>
        </pct:subchallenge>
        <pct:subchallenge>
          <pct:name>Tier 5</pct:name>
        </pct:subchallenge>
        <pct:subchallenge>
          <pct:name>Tier 6</pct:name>
        </pct:subchallenge>
        <pct:subchallenge>
          <pct:name>Tier 7</pct:name>
        </pct:subchallenge>
        <pct:subchallenge>
          <pct:name>Tier 8</pct:name>
        </pct:subchallenge>
        <pct:subchallenge>
          <pct:name>Tier 9</pct:name>
        </pct:subchallenge>
        <pct:subchallenge>
          <pct:name>Tier 10</pct:name>
        </pct:subchallenge>
        <pct:subchallenge>
          <pct:name>Tier 11</pct:name>
        </pct:subchallenge>
        <pct:subchallenge>
          <pct:name>Tier 12</pct:name>
        </pct:subchallenge>
        <pct:subchallenge>
          <pct:name>Tier 13</pct:name>
        </pct:subchallenge>
        <pct:subchallenge>
          <pct:name>Tier 14</pct:name>
        </pct:subchallenge>
        <pct:subchallenge>
          <pct:name>Tier 15</pct:name>
        </pct:subchallenge>
      </pct:challenge>
      <pct:challenge createWikiLinks="true">
        <pct:name>Identify Rare Items</pct:name>
        <pct:description>Identify Rare Items of 6 of the following 11 types.</pct:description>
        <pct:type>Progressable</pct:type>
        <pct:neededToComplete>6</pct:neededToComplete>
        <pct:subchallenge>
          <pct:name>Steel Ring</pct:name>
        </pct:subchallenge>
        <pct:subchallenge>
          <pct:name>Opal Ring</pct:name>
        </pct:subchallenge>
        <pct:subchallenge>
          <pct:name>Blue Pearl Amulet</pct:name>
        </pct:subchallenge>
        <pct:subchallenge>
          <pct:name>Marble Amulet</pct:name>
        </pct:subchallenge>
        <pct:subchallenge>
          <pct:name>Vanguard Belt</pct:name>
        </pct:subchallenge>
        <pct:subchallenge>
          <pct:name>Crystal Belt</pct:name>
        </pct:subchallenge>
        <pct:subchallenge>
          <pct:name>Bone Helmet</pct:name>
        </pct:subchallenge>
        <pct:subchallenge>
          <pct:name>Two-Toned Boots</pct:name>
        </pct:subchallenge>
        <pct:subchallenge>
          <pct:name>Spiked Gloves</pct:name>
        </pct:subchallenge>
        <pct:subchallenge>
          <pct:name>Gripped Gloves</pct:name>
        </pct:subchallenge>
        <pct:subchallenge>
          <pct:name>Fingerless Silk Gloves</pct:name>
        </pct:subchallenge>
      </pct:challenge>
      <pct:challenge createWikiLinks="true">
        <pct:name>Redeem Divination Card Sets</pct:name>
        <pct:description>Turn in sets of at least 7 of the following 12 Divination card types to Tasuni.</pct:description>
        <pct:type>Progressable</pct:type>
        <pct:neededToComplete>7</pct:neededToComplete>
        <pct:subchallenge>
          <pct:name>The Fox</pct:name>
        </pct:subchallenge>
        <pct:subchallenge>
          <pct:name>Lucky Deck</pct:name>
        </pct:subchallenge>
        <pct:subchallenge>
          <pct:name>Treasure Hunter</pct:name>
        </pct:subchallenge>
        <pct:subchallenge>
          <pct:name>Vinia's Token</pct:name>
        </pct:subchallenge>
        <pct:subchallenge>
          <pct:name>The Stormcaller</pct:name>
        </pct:subchallenge>
        <pct:subchallenge>
          <pct:name>The Penitent</pct:name>
        </pct:subchallenge>
        <pct:subchallenge>
          <pct:name>The Trial</pct:name>
        </pct:subchallenge>
        <pct:subchallenge>
          <pct:name>Earth Drinker</pct:name>
        </pct:subchallenge>
        <pct:subchallenge>
          <pct:name>The Surveyor</pct:name>
        </pct:subchallenge>
        <pct:subchallenge>
          <pct:name>Death</pct:name>
        </pct:subchallenge>
        <pct:subchallenge>
          <pct:name>Dialla's Subjugation</pct:name>
        </pct:subchallenge>
        <pct:subchallenge>
          <pct:name>The Enlightened</pct:name>
        </pct:subchallenge>
      </pct:challenge>
      <pct:challenge createWikiLinks="true">
        <pct:name>Complete Unique Maps</pct:name>
        <pct:description>Complete any 10 of the following 16 Unique Maps. A Map is completed by killing its Unique Boss or Bosses if it has any. Maps without Unique Bosses are completed by opening specific Unique Chests.</pct:description>
        <pct:type>Progressable</pct:type>
        <pct:neededToComplete>10</pct:neededToComplete>
        <pct:subchallenge>
          <pct:name>Acton's Nightmare</pct:name>
        </pct:subchallenge>
        <pct:subchallenge>
          <pct:name>Caer Blaidd, Wolfpack's Den</pct:name>
        </pct:subchallenge>
        <pct:subchallenge>
          <pct:name>Death and Taxes</pct:name>
        </pct:subchallenge>
        <pct:subchallenge>
          <pct:name>Hall of Grandmasters</pct:name>
        </pct:subchallenge>
        <pct:subchallenge>
          <pct:name>Hallowed Ground</pct:name>
        </pct:subchallenge>
        <pct:subchallenge>
          <pct:name>Maelström of Chaos</pct:name>
        </pct:subchallenge>
        <pct:subchallenge>
          <pct:name>Mao Kun</pct:name>
        </pct:subchallenge>
        <pct:subchallenge>
          <pct:name>Oba's Cursed Trove</pct:name>
        </pct:subchallenge>
        <pct:subchallenge>
          <pct:name>Olmec's Sanctum</pct:name>
        </pct:subchallenge>
        <pct:subchallenge>
          <pct:name>Perandus Manor</pct:name>
        </pct:subchallenge>
        <pct:subchallenge>
          <pct:name>Poorjoy's Asylum</pct:name>
        </pct:subchallenge>
        <pct:subchallenge>
          <pct:name>The Coward's Trial</pct:name>
        </pct:subchallenge>
        <pct:subchallenge>
          <pct:name>The Putrid Cloister</pct:name>
        </pct:subchallenge>
        <pct:subchallenge>
          <pct:name>The Vinktar Square</pct:name>
        </pct:subchallenge>
        <pct:subchallenge>
          <pct:name>Vaults of Atziri</pct:name>
        </pct:subchallenge>
        <pct:subchallenge>
          <pct:name>Whakawairua Tuahu</pct:name>
        </pct:subchallenge>
      </pct:challenge>
      <pct:challenge>
        <pct:name>Complete Unided Rare Maps</pct:name>
        <pct:description>Complete Rare Maps in 10 of the following 15 tiers while they are unidentified. These Maps are completed by killing their Unique Boss or Bosses if they have any.</pct:description>
        <pct:type>Progressable</pct:type>
        <pct:neededToComplete>10</pct:neededToComplete>
        <pct:subchallenge>
          <pct:name>Tier 1</pct:name>
        </pct:subchallenge>
        <pct:subchallenge>
          <pct:name>Tier 2</pct:name>
        </pct:subchallenge>
        <pct:subchallenge>
          <pct:name>Tier 3</pct:name>
        </pct:subchallenge>
        <pct:subchallenge>
          <pct:name>Tier 4</pct:name>
        </pct:subchallenge>
        <pct:subchallenge>
          <pct:name>Tier 5</pct:name>
        </pct:subchallenge>
        <pct:subchallenge>
          <pct:name>Tier 6</pct:name>
        </pct:subchallenge>
        <pct:subchallenge>
          <pct:name>Tier 7</pct:name>
        </pct:subchallenge>
        <pct:subchallenge>
          <pct:name>Tier 8</pct:name>
        </pct:subchallenge>
        <pct:subchallenge>
          <pct:name>Tier 9</pct:name>
        </pct:subchallenge>
        <pct:subchallenge>
          <pct:name>Tier 10</pct:name>
        </pct:subchallenge>
        <pct:subchallenge>
          <pct:name>Tier 11</pct:name>
        </pct:subchallenge>
        <pct:subchallenge>
          <pct:name>Tier 12</pct:name>
        </pct:subchallenge>
        <pct:subchallenge>
          <pct:name>Tier 13</pct:name>
        </pct:subchallenge>
        <pct:subchallenge>
          <pct:name>Tier 14</pct:name>
        </pct:subchallenge>
        <pct:subchallenge>
          <pct:name>Tier 15</pct:name>
        </pct:subchallenge>
      </pct:challenge>
      <pct:challenge>
        <pct:name>Explore the Atlas</pct:name>
        <pct:description>Complete at least 100 different types of Maps. A Map is completed by killing its Unique Boss or Bosses if it has any. Maps without Unique Bosses are completed by opening specific Unique Chests.</pct:description>
        <pct:type>ProgressableNoSubs</pct:type>
        <pct:neededToComplete>100</pct:neededToComplete>
      </pct:challenge>
      <pct:challenge createWikiLinks="true">
        <pct:name>Kill the Guardians of the Void</pct:name>
        <pct:description>Kill each of the four Guardians of the Void.</pct:description>
        <pct:type>Progressable</pct:type>
        <pct:neededToComplete>4</pct:neededToComplete>
        <pct:subchallenge>
          <pct:name>Guardian of the Phoenix</pct:name>
        </pct:subchallenge>
        <pct:subchallenge>
          <pct:name>Guardian of the Hydra</pct:name>
        </pct:subchallenge>
        <pct:subchallenge>
          <pct:name>Guardian of the Minotaur</pct:name>
        </pct:subchallenge>
        <pct:subchallenge>
          <pct:name>Guardian of the Chimera</pct:name>
        </pct:subchallenge>
      </pct:challenge>
      <pct:challenge>
        <pct:name>Kill The Shaper</pct:name>
        <pct:description>Find The Shaper and kill him.</pct:description>
        <pct:type>Binary</pct:type>
      </pct:challenge>
      <pct:challenge createWikiLinks="true">
        <pct:name>Complete three Endgame Grinds</pct:name>
        <pct:description>Kill three of these five Unique Bosses the following number of times.</pct:description>
        <pct:type>Progressable</pct:type>
        <pct:neededToComplete>3</pct:neededToComplete>
        <pct:subchallenge>
          <pct:name>Atziri, Queen of the Vaal</pct:name>
          <pct:neededToCompleteSub>100</pct:neededToCompleteSub>
        </pct:subchallenge>
        <pct:subchallenge>
          <pct:name>Izaro in the Endgame Labyrinth</pct:name>
          <pct:neededToCompleteSub>60</pct:neededToCompleteSub>
        </pct:subchallenge>
        <pct:subchallenge>
          <pct:name>Eater of Souls</pct:name>
          <pct:neededToCompleteSub>30</pct:neededToCompleteSub>
        </pct:subchallenge>
        <pct:subchallenge>
          <pct:name>The Cursed King</pct:name>
          <pct:neededToCompleteSub>30</pct:neededToCompleteSub>
        </pct:subchallenge>
        <pct:subchallenge>
          <pct:name>Any Vaal Temple Boss</pct:name>
          <pct:neededToCompleteSub>12</pct:neededToCompleteSub>
        </pct:subchallenge>
      </pct:challenge>
    </pct:challenges>
  </pct:league>
</leagues>