<?xml version="1.0" encoding="utf-8"?>
<leagues xmlns:pct="de/loth/richard/projects/PoeChallengeTracker/xmlns">
  <pct:league>
    <pct:leaguename>Prophecy</pct:leaguename>
    <pct:challenges>
      <pct:challenge createWikiLinks="true">
        <pct:name>Activate Normal Waypoints</pct:name>
        <pct:description>Activate the Waypoints in each of the following areas in Normal difficulty.</pct:description>
        <pct:type>Progressable</pct:type>
        <pct:neededToComplete>8</pct:neededToComplete>
        <pct:subchallenge>
          <pct:name>The Coast</pct:name>
        </pct:subchallenge>
        <pct:subchallenge>
          <pct:name>The Submerged Passage</pct:name>
        </pct:subchallenge>
        <pct:subchallenge>
          <pct:name>The Ledge</pct:name>
        </pct:subchallenge>
        <pct:subchallenge>
          <pct:name>The Climb</pct:name>
        </pct:subchallenge>
        <pct:subchallenge>
          <pct:name>The Lower Prison</pct:name>
        </pct:subchallenge>
        <pct:subchallenge>
          <pct:name>Prisoner's Gate</pct:name>
        </pct:subchallenge>
        <pct:subchallenge>
          <pct:name>The Ship Graveyard</pct:name>
        </pct:subchallenge>
        <pct:subchallenge>
          <pct:name>The Cavern of Wrath</pct:name>
        </pct:subchallenge>
      </pct:challenge>
      <pct:challenge createWikiLinks="true">
        <pct:name>Kill these Act 2 Uniques</pct:name>
        <pct:description>Kill each of the following Unique bosses.</pct:description>
        <pct:type>Progressable</pct:type>
        <pct:neededToComplete>8</pct:neededToComplete>
        <pct:subchallenge>
          <pct:name>Aidan the Frenzied</pct:name>
        </pct:subchallenge>
        <pct:subchallenge>
          <pct:name>Bravalo</pct:name>
        </pct:subchallenge>
        <pct:subchallenge>
          <pct:name>Gneiss</pct:name>
        </pct:subchallenge>
        <pct:subchallenge>
          <pct:name>Nadia the Soothing</pct:name>
        </pct:subchallenge>
        <pct:subchallenge>
          <pct:name>Q'uru</pct:name>
        </pct:subchallenge>
        <pct:subchallenge>
          <pct:name>Soulmourn</pct:name>
        </pct:subchallenge>
        <pct:subchallenge>
          <pct:name>Tailsinger</pct:name>
        </pct:subchallenge>
        <pct:subchallenge>
          <pct:name>The Great White Beast</pct:name>
        </pct:subchallenge>
      </pct:challenge>
      <pct:challenge>
        <pct:name>Kill 50 Monsters Bearing Silver</pct:name>
        <pct:description>Kill 50 monsters that are carrying Silver Coins.</pct:description>
        <pct:type>ProgressableNoSubs</pct:type>
        <pct:neededToComplete>50</pct:neededToComplete>
      </pct:challenge>
      <pct:challenge>
        <pct:name>Fulfill a Prophecy</pct:name>
        <pct:description>Complete any Prophecy.</pct:description>
        <pct:type>Binary</pct:type>
      </pct:challenge>
      <pct:challenge>
        <pct:name>Complete these Encounters I</pct:name>
        <pct:description>Complete each of the following Encounters.</pct:description>
        <pct:type>Progressable</pct:type>
        <pct:neededToComplete>6</pct:neededToComplete>
        <pct:subchallenge>
          <pct:name>Complete a Master's Mission</pct:name>
        </pct:subchallenge>
        <pct:subchallenge>
          <pct:name>Kill a Possessed Monster</pct:name>
        </pct:subchallenge>
        <pct:subchallenge>
          <pct:name>Kill a Rare monster with a Nemesis mod</pct:name>
        </pct:subchallenge>
        <pct:subchallenge>
          <pct:name>Kill a Rogue Exile</pct:name>
        </pct:subchallenge>
        <pct:subchallenge>
          <pct:name>Kill all members of a Bloodline pack</pct:name>
        </pct:subchallenge>
        <pct:subchallenge>
          <pct:name>Kill the Boss of a Corrupted Vaal Side Area</pct:name>
        </pct:subchallenge>
      </pct:challenge>
      <pct:challenge>
        <pct:name>Kill these Normal Act Bosses</pct:name>
        <pct:description>Kill each of the following Unique bosses in Normal Difficulty.</pct:description>
        <pct:type>Progressable</pct:type>
        <pct:neededToComplete>4</pct:neededToComplete>
        <pct:subchallenge>
          <pct:name>Act 1: Merveil, the Twisted</pct:name>
        </pct:subchallenge>
        <pct:subchallenge>
          <pct:name>Act 2: Vaal Oversoul</pct:name>
        </pct:subchallenge>
        <pct:subchallenge>
          <pct:name>Act 3: Dominus, Ascendant</pct:name>
        </pct:subchallenge>
        <pct:subchallenge>
          <pct:name>Act 4: Malachai, The Nightmare</pct:name>
        </pct:subchallenge>
      </pct:challenge>
      <pct:challenge>
        <pct:name>Create a Hideout</pct:name>
        <pct:description>Create a Hideout of any size.</pct:description>
        <pct:type>Binary</pct:type>
      </pct:challenge>
      <pct:challenge createWikiLinks="true">
        <pct:name>Clear Cruel Sewers</pct:name>
        <pct:description>Fully clear each of the following areas in Cruel or Merciless Difficulty. Use the /remaining command to see how many monsters remain, once you're getting close. Everyone in the area will receive credit for the clear.</pct:description>
        <pct:type>Progressable</pct:type>
        <pct:neededToComplete>3</pct:neededToComplete>
        <pct:subchallenge>
          <pct:name>The Slums Sewers</pct:name>
        </pct:subchallenge>
        <pct:subchallenge>
          <pct:name>The Warehouse Sewers</pct:name>
        </pct:subchallenge>
        <pct:subchallenge>
          <pct:name>The Market Sewers</pct:name>
        </pct:subchallenge>
      </pct:challenge>
      <pct:challenge createWikiLinks="true">
        <pct:name>Complete These Cruel Quests</pct:name>
        <pct:description>Complete each of the following quests in Cruel Difficulty.</pct:description>
        <pct:type>Progressable</pct:type>
        <pct:neededToComplete>6</pct:neededToComplete>
        <pct:subchallenge>
          <pct:name>A Fixture of Fate</pct:name>
        </pct:subchallenge>
        <pct:subchallenge>
          <pct:name>A Swig of Hope</pct:name>
        </pct:subchallenge>
        <pct:subchallenge>
          <pct:name>Mercy Mission</pct:name>
        </pct:subchallenge>
        <pct:subchallenge>
          <pct:name>Sever the Right Hand</pct:name>
        </pct:subchallenge>
        <pct:subchallenge>
          <pct:name>The Great White Beast</pct:name>
        </pct:subchallenge>
        <pct:subchallenge>
          <pct:name>Through Sacred Ground</pct:name>
        </pct:subchallenge>
      </pct:challenge>
      <pct:challenge createWikiLinks="true">
        <pct:name>Use these Currency Items</pct:name>
        <pct:description>Use each of the following Currency Items.</pct:description>
        <pct:type>Progressable</pct:type>
        <pct:neededToComplete>13</pct:neededToComplete>
        <pct:subchallenge>
          <pct:name>Armourer's Scrap</pct:name>
        </pct:subchallenge>
        <pct:subchallenge>
          <pct:name>Blacksmith's Whetstone</pct:name>
        </pct:subchallenge>
        <pct:subchallenge>
          <pct:name>Chromatic Orb</pct:name>
        </pct:subchallenge>
        <pct:subchallenge>
          <pct:name>Glassblower's Bauble</pct:name>
        </pct:subchallenge>
        <pct:subchallenge>
          <pct:name>Jeweller's Orb</pct:name>
        </pct:subchallenge>
        <pct:subchallenge>
          <pct:name>Orb of Alchemy</pct:name>
        </pct:subchallenge>
        <pct:subchallenge>
          <pct:name>Orb of Alteration</pct:name>
        </pct:subchallenge>
        <pct:subchallenge>
          <pct:name>Orb of Augmentation</pct:name>
        </pct:subchallenge>
        <pct:subchallenge>
          <pct:name>Orb of Chance</pct:name>
        </pct:subchallenge>
        <pct:subchallenge>
          <pct:name>Orb of Fusing</pct:name>
        </pct:subchallenge>
        <pct:subchallenge>
          <pct:name>Orb of Transmutation</pct:name>
        </pct:subchallenge>
        <pct:subchallenge>
          <pct:name>Sealed Prophecy</pct:name>
        </pct:subchallenge>
        <pct:subchallenge>
          <pct:name>Vaal Orb</pct:name>
        </pct:subchallenge>
      </pct:challenge>
      <pct:challenge>
        <pct:name>Complete these Encounters II</pct:name>
        <pct:description>Complete each of the following Encounters.</pct:description>
        <pct:type>Progressable</pct:type>
        <pct:neededToComplete>6</pct:neededToComplete>
        <pct:subchallenge>
          <pct:name>Fully Clear a Corrupted Vaal Side Area</pct:name>
        </pct:subchallenge>
        <pct:subchallenge>
          <pct:name>Kill a Monster possessed by a Tormented Warlord</pct:name>
        </pct:subchallenge>
        <pct:subchallenge>
          <pct:name>Kill a Rogue Scion</pct:name>
        </pct:subchallenge>
        <pct:subchallenge>
          <pct:name>Master Craft any item</pct:name>
        </pct:subchallenge>
        <pct:subchallenge>
          <pct:name>Open a Gemcutter's Strongbox</pct:name>
        </pct:subchallenge>
        <pct:subchallenge>
          <pct:name>Touch a Shrouded Shrine</pct:name>
        </pct:subchallenge>
      </pct:challenge>
      <pct:challenge>
        <pct:name>Kill Cruel Act Bosses</pct:name>
        <pct:description>Kill each of the following Unique bosses in Cruel Difficulty.</pct:description>
        <pct:type>Progressable</pct:type>
        <pct:neededToComplete>4</pct:neededToComplete>
        <pct:subchallenge>
          <pct:name>Act 1: Merveil, the Twisted</pct:name>
        </pct:subchallenge>
        <pct:subchallenge>
          <pct:name>Act 2: Vaal Oversoul</pct:name>
        </pct:subchallenge>
        <pct:subchallenge>
          <pct:name>Act 3: Dominus, Ascendant</pct:name>
        </pct:subchallenge>
        <pct:subchallenge>
          <pct:name>Act 4: Malachai, The Nightmare</pct:name>
        </pct:subchallenge>
      </pct:challenge>
      <pct:challenge>
        <pct:name>Clear Merciless Dried Lake</pct:name>
        <pct:description>Fully clear The Dried Lake in Merciless Difficulty. Use the /remaining command to see how many monsters remain, once you're getting close. Everyone in the area will receive credit for the clear.</pct:description>
        <pct:type>Binary</pct:type>
      </pct:challenge>
      <pct:challenge>
        <pct:name>Fulfill a Prophecy Chain</pct:name>
        <pct:description>Complete a Prophecy Chain.</pct:description>
        <pct:type>Binary</pct:type>
      </pct:challenge>
      <pct:challenge createWikiLinks="true">
        <pct:name>Kill Merciless Rares</pct:name>
        <pct:description>Kill a Rare Monster of each of these types in Merciless Difficulty.</pct:description>
        <pct:type>Progressable</pct:type>
        <pct:neededToComplete>17</pct:neededToComplete>
        <pct:subchallenge>
          <pct:name>Chaos Sentinel</pct:name>
        </pct:subchallenge>
        <pct:subchallenge>
          <pct:name>Fighting Bull</pct:name>
        </pct:subchallenge>
        <pct:subchallenge>
          <pct:name>Fury Hound</pct:name>
        </pct:subchallenge>
        <pct:subchallenge>
          <pct:name>Hyrri's Sister</pct:name>
        </pct:subchallenge>
        <pct:subchallenge>
          <pct:name>Icy Manifestation</pct:name>
        </pct:subchallenge>
        <pct:subchallenge>
          <pct:name>Kaom's Chosen</pct:name>
        </pct:subchallenge>
        <pct:subchallenge>
          <pct:name>Lavianga's Acolyte</pct:name>
        </pct:subchallenge>
        <pct:subchallenge>
          <pct:name>Mad Gladiator</pct:name>
        </pct:subchallenge>
        <pct:subchallenge>
          <pct:name>Pitbull Demon</pct:name>
        </pct:subchallenge>
        <pct:subchallenge>
          <pct:name>Pocked Behemoth</pct:name>
        </pct:subchallenge>
        <pct:subchallenge>
          <pct:name>Pocked Lanternbearer</pct:name>
        </pct:subchallenge>
        <pct:subchallenge>
          <pct:name>Pocked Miner</pct:name>
        </pct:subchallenge>
        <pct:subchallenge>
          <pct:name>Rakango</pct:name>
        </pct:subchallenge>
        <pct:subchallenge>
          <pct:name>Rooster Demon</pct:name>
        </pct:subchallenge>
        <pct:subchallenge>
          <pct:name>Shrieker</pct:name>
        </pct:subchallenge>
        <pct:subchallenge>
          <pct:name>Tunneler</pct:name>
        </pct:subchallenge>
        <pct:subchallenge>
          <pct:name>Vakali Totem</pct:name>
        </pct:subchallenge>
      </pct:challenge>
      <pct:challenge>
        <pct:name>Fulfill these Prophecy Types I</pct:name>
        <pct:description>Complete a Prophecy of each of the following types.</pct:description>
        <pct:type>Progressable</pct:type>
        <pct:neededToComplete>5</pct:neededToComplete>
        <pct:subchallenge>
          <pct:name>Cleanse an area of Prophecised vermin</pct:name>
        </pct:subchallenge>
        <pct:subchallenge>
          <pct:name>Complete a Prophecised Mission for a Master</pct:name>
        </pct:subchallenge>
        <pct:subchallenge>
          <pct:name>Enter an area with a Prophecised Tempest</pct:name>
        </pct:subchallenge>
        <pct:subchallenge>
          <pct:name>Kill a new Prophecised Unique boss</pct:name>
        </pct:subchallenge>
        <pct:subchallenge>
          <pct:name>Take an item to 20% quality with a Prophecy</pct:name>
        </pct:subchallenge>
      </pct:challenge>
      <pct:challenge>
        <pct:name>Kill 25 Vaal Bosses</pct:name>
        <pct:description>Kill 25 Unique Corrupted Side Area Bosses in any Difficulty.</pct:description>
        <pct:type>ProgressableNoSubs</pct:type>
        <pct:neededToComplete>25</pct:neededToComplete>
      </pct:challenge>
      <pct:challenge createWikiLinks="true">
        <pct:name>Currency from Vendor Recipes</pct:name>
        <pct:description>Complete vendor recipes to receive each of the following items. A vendor recipe is when you trade a specific pattern of items to a vendor, not when you buy items from his/her purchase screen.</pct:description>
        <pct:type>Progressable</pct:type>
        <pct:neededToComplete>8</pct:neededToComplete>
        <pct:subchallenge>
          <pct:name>Cartographer's Chisel</pct:name>
        </pct:subchallenge>
        <pct:subchallenge>
          <pct:name>Chaos Orb</pct:name>
        </pct:subchallenge>
        <pct:subchallenge>
          <pct:name>Chromatic Orb</pct:name>
        </pct:subchallenge>
        <pct:subchallenge>
          <pct:name>Jeweller's Orb</pct:name>
        </pct:subchallenge>
        <pct:subchallenge>
          <pct:name>Orb of Alchemy</pct:name>
        </pct:subchallenge>
        <pct:subchallenge>
          <pct:name>Orb of Augmentation</pct:name>
        </pct:subchallenge>
        <pct:subchallenge>
          <pct:name>Orb of Chance</pct:name>
        </pct:subchallenge>
        <pct:subchallenge>
          <pct:name>Vaal Orb</pct:name>
        </pct:subchallenge>
      </pct:challenge>
      <pct:challenge>
        <pct:name>Level a Gem to 20</pct:name>
        <pct:description>Upgrade a Skill Gem or a Support Gem to level 20. You can trade it away afterwards.</pct:description>
        <pct:type>Binary</pct:type>
      </pct:challenge>
      <pct:challenge>
        <pct:name>Open a Unique strongbox</pct:name>
        <pct:description>Open one of the following six Unique Strongboxes. Strongboxes do not need to be identified to complete the challenge. The ambushers must be defeated before it is counted as open.</pct:description>
        <pct:type>Binary</pct:type>
      </pct:challenge>
      <pct:challenge>
        <pct:name>Fully Upgrade your Hideout</pct:name>
        <pct:description>Create or Upgrade to a Large-sized Hideout.</pct:description>
        <pct:type>Binary</pct:type>
      </pct:challenge>
      <pct:challenge>
        <pct:name>Kill Merciless Izaro</pct:name>
        <pct:description>Kill Izaro in Merciless Difficulty.</pct:description>
        <pct:type>Binary</pct:type>
      </pct:challenge>
      <pct:challenge>
        <pct:name>Fulfill these Prophecy Types II</pct:name>
        <pct:description>Complete a Prophecy of each of the following types.</pct:description>
        <pct:type>Progressable</pct:type>
        <pct:neededToComplete>8</pct:neededToComplete>
        <pct:subchallenge>
          <pct:name>Clear an area of Prophecised Beyond monsters</pct:name>
        </pct:subchallenge>
        <pct:subchallenge>
          <pct:name>Complete a Fated Unique item</pct:name>
        </pct:subchallenge>
        <pct:subchallenge>
          <pct:name>Fulfill a prophecy that modifies item sockets</pct:name>
        </pct:subchallenge>
        <pct:subchallenge>
          <pct:name>Fulfill the first link in a Prophecy chain</pct:name>
        </pct:subchallenge>
        <pct:subchallenge>
          <pct:name>Get a Prophecised Unique item from a Rare monster</pct:name>
        </pct:subchallenge>
        <pct:subchallenge>
          <pct:name>Get a random Unique item from a Prophecy</pct:name>
        </pct:subchallenge>
        <pct:subchallenge>
          <pct:name>Get Prophecised Currency from a Slain monster</pct:name>
        </pct:subchallenge>
        <pct:subchallenge>
          <pct:name>Kill a group of Prophecised Exiles in a Map</pct:name>
        </pct:subchallenge>
      </pct:challenge>
      <pct:challenge createWikiLinks="true">
        <pct:name>Kill these Beyond Demons</pct:name>
        <pct:description>Kill any five of the following six Unique bosses.</pct:description>
        <pct:type>Progressable</pct:type>
        <pct:neededToComplete>5</pct:neededToComplete>
        <pct:subchallenge>
          <pct:name>Bameth, Shifting Darkness</pct:name>
        </pct:subchallenge>
        <pct:subchallenge>
          <pct:name>Ephij, Crackling Sky</pct:name>
        </pct:subchallenge>
        <pct:subchallenge>
          <pct:name>Haast, Unrelenting Frost</pct:name>
        </pct:subchallenge>
        <pct:subchallenge>
          <pct:name>Na'em, Bending Stone</pct:name>
        </pct:subchallenge>
        <pct:subchallenge>
          <pct:name>Tzteosh, Hungering Flame</pct:name>
        </pct:subchallenge>
        <pct:subchallenge>
          <pct:name>Abaxoth, the End of All That Is</pct:name>
        </pct:subchallenge>
      </pct:challenge>
      <pct:challenge>
        <pct:name>Identify 50 Unique Items</pct:name>
        <pct:description>Identify any 50 Unique Items. You can trade them away afterwards. Warning: Identifying multiple uniques within the same second may prevent them from being counted correctly.</pct:description>
        <pct:type>ProgressableNoSubs</pct:type>
        <pct:neededToComplete>50</pct:neededToComplete>
      </pct:challenge>
      <pct:challenge>
        <pct:name>Complete these Encounters III</pct:name>
        <pct:description>Complete each of the following Encounters.</pct:description>
        <pct:type>Progressable</pct:type>
        <pct:neededToComplete>6</pct:neededToComplete>
        <pct:subchallenge>
          <pct:name>Fully clear a map affected by a Tempest</pct:name>
        </pct:subchallenge>
        <pct:subchallenge>
          <pct:name>Kill 1000 Monsters in a single Rampage kill streak</pct:name>
        </pct:subchallenge>
        <pct:subchallenge>
          <pct:name>Kill a Keepers of the Trove Bloodline Pack</pct:name>
        </pct:subchallenge>
        <pct:subchallenge>
          <pct:name>Kill a monster possessed by two Torment Spirits</pct:name>
        </pct:subchallenge>
        <pct:subchallenge>
          <pct:name>Kill a Rare monster with Inner Treasure</pct:name>
        </pct:subchallenge>
        <pct:subchallenge>
          <pct:name>Kill a Warband Leader</pct:name>
        </pct:subchallenge>
      </pct:challenge>
      <pct:challenge>
        <pct:name>Kill these Merciless Act Bosses</pct:name>
        <pct:description>Kill each of the following Unique bosses in Merciless Difficulty.</pct:description>
        <pct:type>Progressable</pct:type>
        <pct:neededToComplete>4</pct:neededToComplete>
        <pct:subchallenge>
          <pct:name>Act 1: Merveil, the Twisted</pct:name>
        </pct:subchallenge>
        <pct:subchallenge>
          <pct:name>Act 2: Vaal Oversoul</pct:name>
        </pct:subchallenge>
        <pct:subchallenge>
          <pct:name>Act 3: Dominus, Ascendant</pct:name>
        </pct:subchallenge>
        <pct:subchallenge>
          <pct:name>Act 4: Malachai, The Nightmare</pct:name>
        </pct:subchallenge>
      </pct:challenge>
      <pct:challenge createWikiLinks="true">
        <pct:name>Fulfill these Prophecy Chains</pct:name>
        <pct:description>Complete 4 of the following 8 Prophecy Chains.</pct:description>
        <pct:type>Progressable</pct:type>
        <pct:neededToComplete>4</pct:neededToComplete>
        <pct:subchallenge>
          <pct:name>Anarchy's End</pct:name>
        </pct:subchallenge>
        <pct:subchallenge>
          <pct:name>Ancient Rivalries</pct:name>
        </pct:subchallenge>
        <pct:subchallenge>
          <pct:name>Beyond Sight</pct:name>
        </pct:subchallenge>
        <pct:subchallenge>
          <pct:name>Day of Sacrifice</pct:name>
        </pct:subchallenge>
        <pct:subchallenge>
          <pct:name>Deadly Rivalry</pct:name>
        </pct:subchallenge>
        <pct:subchallenge>
          <pct:name>Thaumaturgical History</pct:name>
        </pct:subchallenge>
        <pct:subchallenge>
          <pct:name>The Ambitious Bandit</pct:name>
        </pct:subchallenge>
        <pct:subchallenge>
          <pct:name>The Warmongers</pct:name>
        </pct:subchallenge>
      </pct:challenge>
      <pct:challenge>
        <pct:name>Reach Level 90</pct:name>
        <pct:description>Attain character level 90. This challenge still counts even if your character dies afterwards.</pct:description>
        <pct:type>Binary</pct:type>
      </pct:challenge>
      <pct:challenge createWikiLinks="true">
        <pct:name>Clear Unidentified Rare Maps</pct:name>
        <pct:description>Fully clear the following rare end-game Maps while they're unidentified. Use the /remaining command to see how many monsters remain, once you're getting close. Everyone in the area will receive credit for the clear.</pct:description>
        <pct:type>Progressable</pct:type>
        <pct:neededToComplete>10</pct:neededToComplete>
        <pct:subchallenge>
          <pct:name>Desert</pct:name>
        </pct:subchallenge>
        <pct:subchallenge>
          <pct:name>Dunes</pct:name>
        </pct:subchallenge>
        <pct:subchallenge>
          <pct:name>Cemetery</pct:name>
        </pct:subchallenge>
        <pct:subchallenge>
          <pct:name>Thicket</pct:name>
        </pct:subchallenge>
        <pct:subchallenge>
          <pct:name>Mud Geyser</pct:name>
        </pct:subchallenge>
        <pct:subchallenge>
          <pct:name>Quarry</pct:name>
        </pct:subchallenge>
        <pct:subchallenge>
          <pct:name>Phantasmagoria</pct:name>
        </pct:subchallenge>
        <pct:subchallenge>
          <pct:name>Shore</pct:name>
        </pct:subchallenge>
        <pct:subchallenge>
          <pct:name>Graveyard</pct:name>
        </pct:subchallenge>
        <pct:subchallenge>
          <pct:name>Villa</pct:name>
        </pct:subchallenge>
      </pct:challenge>
      <pct:challenge createWikiLinks="true">
        <pct:name>Unseal the Endgame Labyrinth</pct:name>
        <pct:description>Complete all of the Map Ascendancy Trials to unlock the Endgame Labyrinth.</pct:description>
        <pct:type>Progressable</pct:type>
        <pct:neededToComplete>6</pct:neededToComplete>
        <pct:subchallenge>
          <pct:name>Trial of Crippling Grief</pct:name>
        </pct:subchallenge>
        <pct:subchallenge>
          <pct:name>Trial of Burning Rage</pct:name>
        </pct:subchallenge>
        <pct:subchallenge>
          <pct:name>Trial of Swirling Fear</pct:name>
        </pct:subchallenge>
        <pct:subchallenge>
          <pct:name>Trial of Piercing Truth</pct:name>
        </pct:subchallenge>
        <pct:subchallenge>
          <pct:name>Trial of Stinging Doubt</pct:name>
        </pct:subchallenge>
        <pct:subchallenge>
          <pct:name>Trial of Lingering Pain</pct:name>
        </pct:subchallenge>
      </pct:challenge>
      <pct:challenge createWikiLinks="true">
        <pct:name>Kill these Map Bosses</pct:name>
        <pct:description>Kill each of the following Unique bosses.</pct:description>
        <pct:type>Progressable</pct:type>
        <pct:neededToComplete>9</pct:neededToComplete>
        <pct:subchallenge>
          <pct:name>Atziri's Chosen</pct:name>
        </pct:subchallenge>
        <pct:subchallenge>
          <pct:name>Belcer, The Pirate Lord</pct:name>
        </pct:subchallenge>
        <pct:subchallenge>
          <pct:name>Glace</pct:name>
        </pct:subchallenge>
        <pct:subchallenge>
          <pct:name>Nightmare Manifest</pct:name>
        </pct:subchallenge>
        <pct:subchallenge>
          <pct:name>Oak the Mighty</pct:name>
        </pct:subchallenge>
        <pct:subchallenge>
          <pct:name>Shock and Horror</pct:name>
        </pct:subchallenge>
        <pct:subchallenge>
          <pct:name>The Idol Beyond</pct:name>
        </pct:subchallenge>
        <pct:subchallenge>
          <pct:name>The Wicked One</pct:name>
        </pct:subchallenge>
        <pct:subchallenge>
          <pct:name>Tore, Towering Ancient</pct:name>
        </pct:subchallenge>
      </pct:challenge>
      <pct:challenge>
        <pct:name>Kill Argus in the Endgame Labyrinth</pct:name>
        <pct:description>Kill Argus in the Endgame Labyrinth.</pct:description>
        <pct:type>Binary</pct:type>
      </pct:challenge>
      <pct:challenge>
        <pct:name>Defeat the Pale Council</pct:name>
        <pct:description>Open a portal to the Pale Court and defeat the Pale Council.</pct:description>
        <pct:type>Progressable</pct:type>
        <pct:neededToComplete>4</pct:neededToComplete>
        <pct:subchallenge>
          <pct:name>Eber, the Plaguemaw</pct:name>
        </pct:subchallenge>
        <pct:subchallenge>
          <pct:name>Inya, the Unbearable Whispers</pct:name>
        </pct:subchallenge>
        <pct:subchallenge>
          <pct:name>Volkuur, the Unbreathing Queen</pct:name>
        </pct:subchallenge>
        <pct:subchallenge>
          <pct:name>Yriel, the Feral Lord</pct:name>
        </pct:subchallenge>
      </pct:challenge>
      <pct:challenge createWikiLinks="true">
        <pct:name>Redeem Divination Card Sets</pct:name>
        <pct:description>Turn in sets of at least 7 of the following 12 Divination card types to Tasuni.</pct:description>
        <pct:type>Progressable</pct:type>
        <pct:neededToComplete>7</pct:neededToComplete>
        <pct:subchallenge>
          <pct:name>Assassin's Favour</pct:name>
        </pct:subchallenge>
        <pct:subchallenge>
          <pct:name>Cartographer's Delight</pct:name>
        </pct:subchallenge>
        <pct:subchallenge>
          <pct:name>Humility</pct:name>
        </pct:subchallenge>
        <pct:subchallenge>
          <pct:name>Hunter's Resolve</pct:name>
        </pct:subchallenge>
        <pct:subchallenge>
          <pct:name>Lysah's Respite</pct:name>
        </pct:subchallenge>
        <pct:subchallenge>
          <pct:name>The Battle Born</pct:name>
        </pct:subchallenge>
        <pct:subchallenge>
          <pct:name>The Body</pct:name>
        </pct:subchallenge>
        <pct:subchallenge>
          <pct:name>The Brittle Emperor</pct:name>
        </pct:subchallenge>
        <pct:subchallenge>
          <pct:name>The Gentleman</pct:name>
        </pct:subchallenge>
        <pct:subchallenge>
          <pct:name>The Mercenary</pct:name>
        </pct:subchallenge>
        <pct:subchallenge>
          <pct:name>The Trial</pct:name>
        </pct:subchallenge>
        <pct:subchallenge>
          <pct:name>Volatile Power</pct:name>
        </pct:subchallenge>
      </pct:challenge>
      <pct:challenge>
        <pct:name>Clear Twinned Maps</pct:name>
        <pct:description>Fully clear maps in each of the following tiers while they have the Twinned mod. Use the /remaining command to see how many monsters remain, once you're getting close. Everyone in the area will receive credit for the clear.</pct:description>
        <pct:type>Progressable</pct:type>
        <pct:neededToComplete>15</pct:neededToComplete>
        <pct:subchallenge>
          <pct:name>Tier 1</pct:name>
        </pct:subchallenge>
        <pct:subchallenge>
          <pct:name>Tier 2</pct:name>
        </pct:subchallenge>
        <pct:subchallenge>
          <pct:name>Tier 3</pct:name>
        </pct:subchallenge>
        <pct:subchallenge>
          <pct:name>Tier 4</pct:name>
        </pct:subchallenge>
        <pct:subchallenge>
          <pct:name>Tier 5</pct:name>
        </pct:subchallenge>
        <pct:subchallenge>
          <pct:name>Tier 6</pct:name>
        </pct:subchallenge>
        <pct:subchallenge>
          <pct:name>Tier 7</pct:name>
        </pct:subchallenge>
        <pct:subchallenge>
          <pct:name>Tier 8</pct:name>
        </pct:subchallenge>
        <pct:subchallenge>
          <pct:name>Tier 9</pct:name>
        </pct:subchallenge>
        <pct:subchallenge>
          <pct:name>Tier 10</pct:name>
        </pct:subchallenge>
        <pct:subchallenge>
          <pct:name>Tier 11</pct:name>
        </pct:subchallenge>
        <pct:subchallenge>
          <pct:name>Tier 12</pct:name>
        </pct:subchallenge>
        <pct:subchallenge>
          <pct:name>Tier 13</pct:name>
        </pct:subchallenge>
        <pct:subchallenge>
          <pct:name>Tier 14</pct:name>
        </pct:subchallenge>
        <pct:subchallenge>
          <pct:name>Tier 15</pct:name>
        </pct:subchallenge>
      </pct:challenge>
      <pct:challenge>
        <pct:name>Get Maps From Map Bosses</pct:name>
        <pct:description>Complete 300 Map boss encounters that result in at least one Map being dropped by the boss. Maps do not have to be allocated to you to count for this challenge.</pct:description>
        <pct:type>ProgressableNoSubs</pct:type>
        <pct:neededToComplete>300</pct:neededToComplete>
      </pct:challenge>
      <pct:challenge>
        <pct:name>Complete these Encounters IV</pct:name>
        <pct:description>Complete each of the following encounters.</pct:description>
        <pct:type>Progressable</pct:type>
        <pct:neededToComplete>4</pct:neededToComplete>
        <pct:subchallenge>
          <pct:name>Complete a Master's Mission</pct:name>
          <pct:neededToCompleteSub>200</pct:neededToCompleteSub>
        </pct:subchallenge>
        <pct:subchallenge>
          <pct:name>Kill all members of a Bloodline pack</pct:name>
          <pct:neededToCompleteSub>200</pct:neededToCompleteSub>
        </pct:subchallenge>
        <pct:subchallenge>
          <pct:name>Open any Strongbox</pct:name>
          <pct:neededToCompleteSub>200</pct:neededToCompleteSub>
        </pct:subchallenge>
        <pct:subchallenge>
          <pct:name>Touch any Shrine</pct:name>
          <pct:neededToCompleteSub>200</pct:neededToCompleteSub>
        </pct:subchallenge>
      </pct:challenge>
      <pct:challenge>
        <pct:name>Clear Maps with Eight Mods</pct:name>
        <pct:description>Fully clear maps in 10 of the following 15 tiers while they have 8 mods. Maps having 8 mods is a potential outcome of Vaal Orb corruption. Use the /remaining command to see how many monsters remain, once you're getting close. Everyone in the area will receive credit for the clear.</pct:description>
        <pct:type>Progressable</pct:type>
        <pct:neededToComplete>10</pct:neededToComplete>
        <pct:subchallenge>
          <pct:name>Tier 1</pct:name>
        </pct:subchallenge>
        <pct:subchallenge>
          <pct:name>Tier 2</pct:name>
        </pct:subchallenge>
        <pct:subchallenge>
          <pct:name>Tier 3</pct:name>
        </pct:subchallenge>
        <pct:subchallenge>
          <pct:name>Tier 4</pct:name>
        </pct:subchallenge>
        <pct:subchallenge>
          <pct:name>Tier 5</pct:name>
        </pct:subchallenge>
        <pct:subchallenge>
          <pct:name>Tier 6</pct:name>
        </pct:subchallenge>
        <pct:subchallenge>
          <pct:name>Tier 7</pct:name>
        </pct:subchallenge>
        <pct:subchallenge>
          <pct:name>Tier 8</pct:name>
        </pct:subchallenge>
        <pct:subchallenge>
          <pct:name>Tier 9</pct:name>
        </pct:subchallenge>
        <pct:subchallenge>
          <pct:name>Tier 10</pct:name>
        </pct:subchallenge>
        <pct:subchallenge>
          <pct:name>Tier 11</pct:name>
        </pct:subchallenge>
        <pct:subchallenge>
          <pct:name>Tier 12</pct:name>
        </pct:subchallenge>
        <pct:subchallenge>
          <pct:name>Tier 13</pct:name>
        </pct:subchallenge>
        <pct:subchallenge>
          <pct:name>Tier 14</pct:name>
        </pct:subchallenge>
        <pct:subchallenge>
          <pct:name>Tier 15</pct:name>
        </pct:subchallenge>
      </pct:challenge>
      <pct:challenge createWikiLinks="true">
        <pct:name>Complete Two Endgame Grinds</pct:name>
        <pct:description>Kill two of these four Unique Bosses the following numbers of times.</pct:description>
        <pct:type>Progressable</pct:type>
        <pct:neededToComplete>2</pct:neededToComplete>
        <pct:subchallenge>
          <pct:name>Ambrius, Legion Slayer</pct:name>
          <pct:neededToCompleteSub>20</pct:neededToCompleteSub>
        </pct:subchallenge>
        <pct:subchallenge>
          <pct:name>Atziri, Queen of the Vaal</pct:name>
          <pct:neededToCompleteSub>100</pct:neededToCompleteSub>
        </pct:subchallenge>
        <pct:subchallenge>
          <pct:name>Izaro in the Endgame Labyrinth</pct:name>
          <pct:neededToCompleteSub>40</pct:neededToCompleteSub>
        </pct:subchallenge>
        <pct:subchallenge>
          <pct:name>Voll, Emperor of Purity in Merciless</pct:name>
          <pct:neededToCompleteSub>1200</pct:neededToCompleteSub>
        </pct:subchallenge>
      </pct:challenge>
    </pct:challenges>
  </pct:league>
</leagues>