<?xml version="1.0" encoding="utf-8"?>
<leagues xmlns:pct="de/loth/richard/projects/PoeChallengeTracker/xmlns">
  <pct:league>
    <pct:leaguename>Talisman</pct:leaguename>
    <pct:challenges>
      <pct:challenge>
        <pct:name>Kill these Normal Act Bosses</pct:name>
        <pct:description>Kill each of the following Unique bosses in Normal Difficulty.</pct:description>
        <pct:type>Progressable</pct:type>
        <pct:neededToComplete>4</pct:neededToComplete>
        <pct:subchallenge>
          <pct:name>Act 1: Merveil, the Twisted</pct:name>
        </pct:subchallenge>
        <pct:subchallenge>
          <pct:name>Act 2: Vaal Oversoul</pct:name>
        </pct:subchallenge>
        <pct:subchallenge>
          <pct:name>Act 3: Dominus, Ascendant</pct:name>
        </pct:subchallenge>
        <pct:subchallenge>
          <pct:name>Act 4: Malachai, The Nightmare</pct:name>
        </pct:subchallenge>
      </pct:challenge>
      <pct:challenge createWikiLinks="true">
        <pct:name>Master-craft these Item Types</pct:name>
        <pct:description>Use a Master's Crafting Bench to add a mod to each of the following types of item.</pct:description>
        <pct:type>Progressable</pct:type>
        <pct:neededToComplete>10</pct:neededToComplete>
        <pct:subchallenge>
          <pct:name>Amulet</pct:name>
        </pct:subchallenge>
        <pct:subchallenge>
          <pct:name>Belt</pct:name>
        </pct:subchallenge>
        <pct:subchallenge>
          <pct:name>Body Armour</pct:name>
        </pct:subchallenge>
        <pct:subchallenge>
          <pct:name>Boots</pct:name>
        </pct:subchallenge>
        <pct:subchallenge>
          <pct:name>Gloves</pct:name>
        </pct:subchallenge>
        <pct:subchallenge>
          <pct:name>Helmet</pct:name>
        </pct:subchallenge>
        <pct:subchallenge>
          <pct:name>Quiver</pct:name>
        </pct:subchallenge>
        <pct:subchallenge>
          <pct:name>Ring</pct:name>
        </pct:subchallenge>
        <pct:subchallenge>
          <pct:name>Shield</pct:name>
        </pct:subchallenge>
        <pct:subchallenge>
          <pct:name>Weapon</pct:name>
        </pct:subchallenge>
      </pct:challenge>
      <pct:challenge createWikiLinks="true">
        <pct:name>Use these Rare Talismans</pct:name>
        <pct:description>Summon monsters at the Altars within Stone Circles using Rare Talismans of each of the following types.</pct:description>
        <pct:type>Progressable</pct:type>
        <pct:neededToComplete>8</pct:neededToComplete>
        <pct:subchallenge>
          <pct:name>Ashscale Talisman</pct:name>
        </pct:subchallenge>
        <pct:subchallenge>
          <pct:name>Black Maw Talisman</pct:name>
        </pct:subchallenge>
        <pct:subchallenge>
          <pct:name>Bonespire Talisman</pct:name>
        </pct:subchallenge>
        <pct:subchallenge>
          <pct:name>Breakrib Talisman</pct:name>
        </pct:subchallenge>
        <pct:subchallenge>
          <pct:name>Deadhand Talisman</pct:name>
        </pct:subchallenge>
        <pct:subchallenge>
          <pct:name>Deep One Talisman</pct:name>
        </pct:subchallenge>
        <pct:subchallenge>
          <pct:name>Lone Antler Talisman</pct:name>
        </pct:subchallenge>
        <pct:subchallenge>
          <pct:name>Undying Flesh Talisman</pct:name>
        </pct:subchallenge>
      </pct:challenge>
      <pct:challenge>
        <pct:name>Kill these Cruel Act Bosses</pct:name>
        <pct:description>Kill each of the following Unique bosses in Cruel Difficulty.</pct:description>
        <pct:type>Progressable</pct:type>
        <pct:neededToComplete>4</pct:neededToComplete>
        <pct:subchallenge>
          <pct:name>Act 1: Merveil, the Twisted</pct:name>
        </pct:subchallenge>
        <pct:subchallenge>
          <pct:name>Act 2: Vaal Oversoul</pct:name>
        </pct:subchallenge>
        <pct:subchallenge>
          <pct:name>Act 3: Dominus, Ascendant</pct:name>
        </pct:subchallenge>
        <pct:subchallenge>
          <pct:name>Act 4: Malachai, The Nightmare</pct:name>
        </pct:subchallenge>
      </pct:challenge>
      <pct:challenge createWikiLinks="true">
        <pct:name>Level these Masters</pct:name>
        <pct:description>Reach Reputation Level 3 with at least 6 of these 7 Forsaken Masters.</pct:description>
        <pct:type>Progressable</pct:type>
        <pct:neededToComplete>6</pct:neededToComplete>
        <pct:subchallenge>
          <pct:name>Haku, Armourmaster</pct:name>
        </pct:subchallenge>
        <pct:subchallenge>
          <pct:name>Tora, Master of the Hunt</pct:name>
        </pct:subchallenge>
        <pct:subchallenge>
          <pct:name>Catarina, Master of the Dead</pct:name>
        </pct:subchallenge>
        <pct:subchallenge>
          <pct:name>Vagan, Weaponmaster</pct:name>
        </pct:subchallenge>
        <pct:subchallenge>
          <pct:name>Elreon, Loremaster</pct:name>
        </pct:subchallenge>
        <pct:subchallenge>
          <pct:name>Vorici, Master Assassin</pct:name>
        </pct:subchallenge>
        <pct:subchallenge>
          <pct:name>Leo, Master of the Arena</pct:name>
        </pct:subchallenge>
      </pct:challenge>
      <pct:challenge createWikiLinks="true">
        <pct:name>Kill Unique Monsters in Cruel</pct:name>
        <pct:description>Kill each of the following Unique monsters in Cruel Difficulty or higher.</pct:description>
        <pct:type>Progressable</pct:type>
        <pct:neededToComplete>19</pct:neededToComplete>
        <pct:subchallenge>
          <pct:name>Aidan the Frenzied</pct:name>
        </pct:subchallenge>
        <pct:subchallenge>
          <pct:name>Amarissa, Daughter of Merveil</pct:name>
        </pct:subchallenge>
        <pct:subchallenge>
          <pct:name>Ambrosia, Daughter of Merveil</pct:name>
        </pct:subchallenge>
        <pct:subchallenge>
          <pct:name>Bravalo</pct:name>
        </pct:subchallenge>
        <pct:subchallenge>
          <pct:name>Caliga, Imperatrix</pct:name>
        </pct:subchallenge>
        <pct:subchallenge>
          <pct:name>Gneiss</pct:name>
        </pct:subchallenge>
        <pct:subchallenge>
          <pct:name>Guardian of the Mound</pct:name>
        </pct:subchallenge>
        <pct:subchallenge>
          <pct:name>Kall Foxfly</pct:name>
        </pct:subchallenge>
        <pct:subchallenge>
          <pct:name>Kole</pct:name>
        </pct:subchallenge>
        <pct:subchallenge>
          <pct:name>Kuduku, the False God</pct:name>
        </pct:subchallenge>
        <pct:subchallenge>
          <pct:name>Marceus, the Defaced</pct:name>
        </pct:subchallenge>
        <pct:subchallenge>
          <pct:name>Nadia the Soothing</pct:name>
        </pct:subchallenge>
        <pct:subchallenge>
          <pct:name>Nightwane</pct:name>
        </pct:subchallenge>
        <pct:subchallenge>
          <pct:name>Perpetus</pct:name>
        </pct:subchallenge>
        <pct:subchallenge>
          <pct:name>Sawbones</pct:name>
        </pct:subchallenge>
        <pct:subchallenge>
          <pct:name>The Bone Queen</pct:name>
        </pct:subchallenge>
        <pct:subchallenge>
          <pct:name>The Burning Man</pct:name>
        </pct:subchallenge>
        <pct:subchallenge>
          <pct:name>Torchoak Grove</pct:name>
        </pct:subchallenge>
        <pct:subchallenge>
          <pct:name>Triskeriaki</pct:name>
        </pct:subchallenge>
      </pct:challenge>
      <pct:challenge createWikiLinks="true">
        <pct:name>Use these Currency Items</pct:name>
        <pct:description>Use each of the following Currency Items.</pct:description>
        <pct:type>Progressable</pct:type>
        <pct:neededToComplete>10</pct:neededToComplete>
        <pct:subchallenge>
          <pct:name>Blessed Orb</pct:name>
        </pct:subchallenge>
        <pct:subchallenge>
          <pct:name>Chaos Orb</pct:name>
        </pct:subchallenge>
        <pct:subchallenge>
          <pct:name>Chromatic Orb</pct:name>
        </pct:subchallenge>
        <pct:subchallenge>
          <pct:name>Gemcutter's Prism</pct:name>
        </pct:subchallenge>
        <pct:subchallenge>
          <pct:name>Orb of Alchemy</pct:name>
        </pct:subchallenge>
        <pct:subchallenge>
          <pct:name>Orb of Chance</pct:name>
        </pct:subchallenge>
        <pct:subchallenge>
          <pct:name>Orb of Fusing</pct:name>
        </pct:subchallenge>
        <pct:subchallenge>
          <pct:name>Orb of Regret</pct:name>
        </pct:subchallenge>
        <pct:subchallenge>
          <pct:name>Orb of Scouring</pct:name>
        </pct:subchallenge>
        <pct:subchallenge>
          <pct:name>Vaal Orb</pct:name>
        </pct:subchallenge>
      </pct:challenge>
      <pct:challenge>
        <pct:name>Use Talismans at Stone Circles</pct:name>
        <pct:description>Summon monsters at the Altars within Stone Circles using each of the following Talisman combinations.</pct:description>
        <pct:type>Progressable</pct:type>
        <pct:neededToComplete>4</pct:neededToComplete>
        <pct:subchallenge>
          <pct:name>Five Normal Talismans at once</pct:name>
        </pct:subchallenge>
        <pct:subchallenge>
          <pct:name>Five Magic Talismans at once</pct:name>
        </pct:subchallenge>
        <pct:subchallenge>
          <pct:name>Five Rare Talismans at once</pct:name>
        </pct:subchallenge>
        <pct:subchallenge>
          <pct:name>At least One Unique Talisman</pct:name>
        </pct:subchallenge>
      </pct:challenge>
      <pct:challenge>
        <pct:name>Kill these Merciless Act Bosses</pct:name>
        <pct:description>Kill each of the following Unique bosses in Merciless Difficulty.</pct:description>
        <pct:type>Progressable</pct:type>
        <pct:neededToComplete>4</pct:neededToComplete>
        <pct:subchallenge>
          <pct:name>Act 1: Merveil, the Twisted</pct:name>
        </pct:subchallenge>
        <pct:subchallenge>
          <pct:name>Act 2: Vaal Oversoul</pct:name>
        </pct:subchallenge>
        <pct:subchallenge>
          <pct:name>Act 3: Dominus, Ascendant</pct:name>
        </pct:subchallenge>
        <pct:subchallenge>
          <pct:name>Act 4: Malachai, The Nightmare</pct:name>
        </pct:subchallenge>
      </pct:challenge>
      <pct:challenge createWikiLinks="true">
        <pct:name>Complete Merciless Quests</pct:name>
        <pct:description>Complete each of the following quests in Merciless Difficulty.</pct:description>
        <pct:type>Progressable</pct:type>
        <pct:neededToComplete>12</pct:neededToComplete>
        <pct:subchallenge>
          <pct:name>Mercy Mission</pct:name>
        </pct:subchallenge>
        <pct:subchallenge>
          <pct:name>A Dirty Job</pct:name>
        </pct:subchallenge>
        <pct:subchallenge>
          <pct:name>Dweller of the Deep</pct:name>
        </pct:subchallenge>
        <pct:subchallenge>
          <pct:name>A Marooned Mariner</pct:name>
        </pct:subchallenge>
        <pct:subchallenge>
          <pct:name>The Way Forward</pct:name>
        </pct:subchallenge>
        <pct:subchallenge>
          <pct:name>Through Sacred Ground</pct:name>
        </pct:subchallenge>
        <pct:subchallenge>
          <pct:name>The Great White Beast</pct:name>
        </pct:subchallenge>
        <pct:subchallenge>
          <pct:name>Victario's Secrets</pct:name>
        </pct:subchallenge>
        <pct:subchallenge>
          <pct:name>Sever the Right Hand</pct:name>
        </pct:subchallenge>
        <pct:subchallenge>
          <pct:name>A Fixture of Fate</pct:name>
        </pct:subchallenge>
        <pct:subchallenge>
          <pct:name>A Swig of Hope</pct:name>
        </pct:subchallenge>
        <pct:subchallenge>
          <pct:name>An Indomitable Spirit</pct:name>
        </pct:subchallenge>
      </pct:challenge>
      <pct:challenge>
        <pct:name>Full Clear: Vaal Side Areas</pct:name>
        <pct:description>Fully clear each of the following Corrupted Side Areas. Use the /remaining command to see how many monsters remain, once you're getting close. Everyone in the area will receive credit for the clear.</pct:description>
        <pct:type>Progressable</pct:type>
        <pct:neededToComplete>4</pct:neededToComplete>
        <pct:subchallenge>
          <pct:name>Any found in Normal Difficulty</pct:name>
        </pct:subchallenge>
        <pct:subchallenge>
          <pct:name>Any found in Cruel Difficulty</pct:name>
        </pct:subchallenge>
        <pct:subchallenge>
          <pct:name>Any found in Merciless Difficulty</pct:name>
        </pct:subchallenge>
        <pct:subchallenge>
          <pct:name>Any created using a Map Device</pct:name>
        </pct:subchallenge>
      </pct:challenge>
      <pct:challenge createWikiLinks="true">
        <pct:name>Claim these Talismans</pct:name>
        <pct:description>Encounter, then kill monsters bearing twelve of these fourteen Talismans.</pct:description>
        <pct:type>Progressable</pct:type>
        <pct:neededToComplete>12</pct:neededToComplete>
        <pct:subchallenge>
          <pct:name>Avian Twins Talisman</pct:name>
        </pct:subchallenge>
        <pct:subchallenge>
          <pct:name>Clutching Talisman</pct:name>
        </pct:subchallenge>
        <pct:subchallenge>
          <pct:name>Fangjaw Talisman</pct:name>
        </pct:subchallenge>
        <pct:subchallenge>
          <pct:name>Hexclaw Talisman</pct:name>
        </pct:subchallenge>
        <pct:subchallenge>
          <pct:name>Longtooth Talisman</pct:name>
        </pct:subchallenge>
        <pct:subchallenge>
          <pct:name>Monkey Paw Talisman</pct:name>
        </pct:subchallenge>
        <pct:subchallenge>
          <pct:name>Monkey Twins Talisman</pct:name>
        </pct:subchallenge>
        <pct:subchallenge>
          <pct:name>Primal Skull Talisman</pct:name>
        </pct:subchallenge>
        <pct:subchallenge>
          <pct:name>Rotfeather Talisman</pct:name>
        </pct:subchallenge>
        <pct:subchallenge>
          <pct:name>Spinefuse Talisman</pct:name>
        </pct:subchallenge>
        <pct:subchallenge>
          <pct:name>Splitnewt Talisman</pct:name>
        </pct:subchallenge>
        <pct:subchallenge>
          <pct:name>Three Hands Talisman</pct:name>
        </pct:subchallenge>
        <pct:subchallenge>
          <pct:name>Three Rat Talisman</pct:name>
        </pct:subchallenge>
        <pct:subchallenge>
          <pct:name>Wereclaw Talisman</pct:name>
        </pct:subchallenge>
      </pct:challenge>
      <pct:challenge createWikiLinks="true">
        <pct:name>Kill Bosses with Talismans</pct:name>
        <pct:description>Kill each of the following Unique bosses while they bear Talismans.</pct:description>
        <pct:type>Progressable</pct:type>
        <pct:neededToComplete>7</pct:neededToComplete>
        <pct:subchallenge>
          <pct:name>Death Blossom</pct:name>
        </pct:subchallenge>
        <pct:subchallenge>
          <pct:name>Great Webmother</pct:name>
        </pct:subchallenge>
        <pct:subchallenge>
          <pct:name>Legion of Lost Souls</pct:name>
        </pct:subchallenge>
        <pct:subchallenge>
          <pct:name>Primordius</pct:name>
        </pct:subchallenge>
        <pct:subchallenge>
          <pct:name>Sire of the Falling Skies</pct:name>
        </pct:subchallenge>
        <pct:subchallenge>
          <pct:name>The Scourge of the Wilds</pct:name>
        </pct:subchallenge>
        <pct:subchallenge>
          <pct:name>Ululat, Maggot-Bearer</pct:name>
        </pct:subchallenge>
      </pct:challenge>
      <pct:challenge>
        <pct:name>A Coveted Prize</pct:name>
        <pct:description>Encounter, then kill a Unique monster bearing a Tier 1 Talisman.</pct:description>
        <pct:type>Binary</pct:type>
      </pct:challenge>
      <pct:challenge>
        <pct:name>Unnatural Influences</pct:name>
        <pct:description>Kill a Monster possessed by two or more Tormented Spirits.</pct:description>
        <pct:type>Binary</pct:type>
      </pct:challenge>
      <pct:challenge createWikiLinks="true">
        <pct:name>Kill these Unique Map Bosses</pct:name>
        <pct:description>Kill each of the following Unique bosses.</pct:description>
        <pct:type>Progressable</pct:type>
        <pct:neededToComplete>15</pct:neededToComplete>
        <pct:subchallenge>
          <pct:name>Penitentiary Incarcerator</pct:name>
        </pct:subchallenge>
        <pct:subchallenge>
          <pct:name>Bramblemist</pct:name>
        </pct:subchallenge>
        <pct:subchallenge>
          <pct:name>Void Anomaly</pct:name>
        </pct:subchallenge>
        <pct:subchallenge>
          <pct:name>Glace</pct:name>
        </pct:subchallenge>
        <pct:subchallenge>
          <pct:name>Thraxia</pct:name>
        </pct:subchallenge>
        <pct:subchallenge>
          <pct:name>Carnage</pct:name>
        </pct:subchallenge>
        <pct:subchallenge>
          <pct:name>Spinner of False Hope</pct:name>
        </pct:subchallenge>
        <pct:subchallenge>
          <pct:name>Tunneltrap</pct:name>
        </pct:subchallenge>
        <pct:subchallenge>
          <pct:name>Nightmare Manifest</pct:name>
        </pct:subchallenge>
        <pct:subchallenge>
          <pct:name>Forest of Flames</pct:name>
        </pct:subchallenge>
        <pct:subchallenge>
          <pct:name>Witch of the Cauldron</pct:name>
        </pct:subchallenge>
        <pct:subchallenge>
          <pct:name>Loathe</pct:name>
        </pct:subchallenge>
        <pct:subchallenge>
          <pct:name>The Brittle Emperor</pct:name>
        </pct:subchallenge>
        <pct:subchallenge>
          <pct:name>Shadow of the Vaal</pct:name>
        </pct:subchallenge>
        <pct:subchallenge>
          <pct:name>Ambrius, Legion Slayer</pct:name>
        </pct:subchallenge>
      </pct:challenge>
      <pct:challenge createWikiLinks="true">
        <pct:name>Enter these Unique Maps</pct:name>
        <pct:description>Enter each of the following Unique Maps.</pct:description>
        <pct:type>Progressable</pct:type>
        <pct:neededToComplete>11</pct:neededToComplete>
        <pct:subchallenge>
          <pct:name>Acton's Nightmare</pct:name>
        </pct:subchallenge>
        <pct:subchallenge>
          <pct:name>Caer Blaidd, Wolfpack's Den</pct:name>
        </pct:subchallenge>
        <pct:subchallenge>
          <pct:name>Death and Taxes</pct:name>
        </pct:subchallenge>
        <pct:subchallenge>
          <pct:name>Maelström of Chaos</pct:name>
        </pct:subchallenge>
        <pct:subchallenge>
          <pct:name>Mao Kun</pct:name>
        </pct:subchallenge>
        <pct:subchallenge>
          <pct:name>Oba's Cursed Trove</pct:name>
        </pct:subchallenge>
        <pct:subchallenge>
          <pct:name>Olmec's Sanctum</pct:name>
        </pct:subchallenge>
        <pct:subchallenge>
          <pct:name>Poorjoy's Asylum</pct:name>
        </pct:subchallenge>
        <pct:subchallenge>
          <pct:name>The Hall of Grandmasters</pct:name>
        </pct:subchallenge>
        <pct:subchallenge>
          <pct:name>Vaults of Atziri</pct:name>
        </pct:subchallenge>
        <pct:subchallenge>
          <pct:name>Whakawairua Tuahu</pct:name>
        </pct:subchallenge>
      </pct:challenge>
      <pct:challenge createWikiLinks="true">
        <pct:name>Kill Exiles with Talismans</pct:name>
        <pct:description>Kill each of the following Rogue Exiles while they bear Talismans.</pct:description>
        <pct:type>Progressable</pct:type>
        <pct:neededToComplete>14</pct:neededToComplete>
        <pct:subchallenge>
          <pct:name>Antalie Napora</pct:name>
        </pct:subchallenge>
        <pct:subchallenge>
          <pct:name>Dena Lorenni</pct:name>
        </pct:subchallenge>
        <pct:subchallenge>
          <pct:name>Ion Darkshroud</pct:name>
        </pct:subchallenge>
        <pct:subchallenge>
          <pct:name>Jonah Unchained</pct:name>
        </pct:subchallenge>
        <pct:subchallenge>
          <pct:name>Lael Furia</pct:name>
        </pct:subchallenge>
        <pct:subchallenge>
          <pct:name>Magnus Stonethorn</pct:name>
        </pct:subchallenge>
        <pct:subchallenge>
          <pct:name>Minara Anemina</pct:name>
        </pct:subchallenge>
        <pct:subchallenge>
          <pct:name>Orra Greengate</pct:name>
        </pct:subchallenge>
        <pct:subchallenge>
          <pct:name>Tinevin Highdove</pct:name>
        </pct:subchallenge>
        <pct:subchallenge>
          <pct:name>Torr Olgosso</pct:name>
        </pct:subchallenge>
        <pct:subchallenge>
          <pct:name>Vanth Agiel</pct:name>
        </pct:subchallenge>
        <pct:subchallenge>
          <pct:name>Vickas Giantbone</pct:name>
        </pct:subchallenge>
        <pct:subchallenge>
          <pct:name>Wilorin Demontamer</pct:name>
        </pct:subchallenge>
        <pct:subchallenge>
          <pct:name>Zacharie Desmarais</pct:name>
        </pct:subchallenge>
      </pct:challenge>
      <pct:challenge>
        <pct:name>Create Hideouts of these sizes</pct:name>
        <pct:description>Create or upgrade to Hideouts of at least the following sizes.</pct:description>
        <pct:type>Progressable</pct:type>
        <pct:neededToComplete>3</pct:neededToComplete>
        <pct:subchallenge>
          <pct:name>Small</pct:name>
        </pct:subchallenge>
        <pct:subchallenge>
          <pct:name>Medium</pct:name>
        </pct:subchallenge>
        <pct:subchallenge>
          <pct:name>Large</pct:name>
        </pct:subchallenge>
      </pct:challenge>
      <pct:challenge>
        <pct:name>The Explorer's Folly</pct:name>
        <pct:description>Use a Vaal Orb on a Cartographer's Strongbox.</pct:description>
        <pct:type>Binary</pct:type>
      </pct:challenge>
      <pct:challenge>
        <pct:name>Kill Rigwald</pct:name>
        <pct:description>Kill Rigwald, the Wolven King.</pct:description>
        <pct:type>Binary</pct:type>
      </pct:challenge>
      <pct:challenge>
        <pct:name>Full Clear: Twinned Maps</pct:name>
        <pct:description>Fully clear maps in each of the following tiers while they have the Twinned mod. Use the /remaining command to see how many monsters remain, once you're getting close. Everyone in the area will receive credit for the clear.</pct:description>
        <pct:type>Progressable</pct:type>
        <pct:neededToComplete>15</pct:neededToComplete>
        <pct:subchallenge>
          <pct:name>Tier 1</pct:name>
        </pct:subchallenge>
        <pct:subchallenge>
          <pct:name>Tier 2</pct:name>
        </pct:subchallenge>
        <pct:subchallenge>
          <pct:name>Tier 3</pct:name>
        </pct:subchallenge>
        <pct:subchallenge>
          <pct:name>Tier 4</pct:name>
        </pct:subchallenge>
        <pct:subchallenge>
          <pct:name>Tier 5</pct:name>
        </pct:subchallenge>
        <pct:subchallenge>
          <pct:name>Tier 6</pct:name>
        </pct:subchallenge>
        <pct:subchallenge>
          <pct:name>Tier 7</pct:name>
        </pct:subchallenge>
        <pct:subchallenge>
          <pct:name>Tier 8</pct:name>
        </pct:subchallenge>
        <pct:subchallenge>
          <pct:name>Tier 9</pct:name>
        </pct:subchallenge>
        <pct:subchallenge>
          <pct:name>Tier 10</pct:name>
        </pct:subchallenge>
        <pct:subchallenge>
          <pct:name>Tier 11</pct:name>
        </pct:subchallenge>
        <pct:subchallenge>
          <pct:name>Tier 12</pct:name>
        </pct:subchallenge>
        <pct:subchallenge>
          <pct:name>Tier 13</pct:name>
        </pct:subchallenge>
        <pct:subchallenge>
          <pct:name>Tier 14</pct:name>
        </pct:subchallenge>
        <pct:subchallenge>
          <pct:name>Tier 15</pct:name>
        </pct:subchallenge>
      </pct:challenge>
      <pct:challenge createWikiLinks="true">
        <pct:name>Identify Rigwald's Uniques</pct:name>
        <pct:description>Identify each of the following Unique Items. You can trade them away afterwards. </pct:description>
        <pct:type>Progressable</pct:type>
        <pct:neededToComplete>4</pct:neededToComplete>
        <pct:subchallenge>
          <pct:name>Rigwald's Command</pct:name>
        </pct:subchallenge>
        <pct:subchallenge>
          <pct:name>Rigwald's Crest</pct:name>
        </pct:subchallenge>
        <pct:subchallenge>
          <pct:name>Rigwald's Quills</pct:name>
        </pct:subchallenge>
        <pct:subchallenge>
          <pct:name>Rigwald's Savagery</pct:name>
        </pct:subchallenge>
      </pct:challenge>
      <pct:challenge>
        <pct:name>Items from Vendor Recipes</pct:name>
        <pct:description>Complete vendor recipes to receive each of the following items. A vendor recipe is when you trade a specific pattern of items to a vendor, not when you buy items from his/her purchase screen.</pct:description>
        <pct:type>Progressable</pct:type>
        <pct:neededToComplete>15</pct:neededToComplete>
        <pct:subchallenge>
          <pct:name>Any Life Flask</pct:name>
        </pct:subchallenge>
        <pct:subchallenge>
          <pct:name>Cartographer's Chisel</pct:name>
        </pct:subchallenge>
        <pct:subchallenge>
          <pct:name>Chaos Orb</pct:name>
        </pct:subchallenge>
        <pct:subchallenge>
          <pct:name>Divine Orb</pct:name>
        </pct:subchallenge>
        <pct:subchallenge>
          <pct:name>Gemcutter's Prism</pct:name>
        </pct:subchallenge>
        <pct:subchallenge>
          <pct:name>Glassblower's Bauble</pct:name>
        </pct:subchallenge>
        <pct:subchallenge>
          <pct:name>Hyrri's Bite</pct:name>
        </pct:subchallenge>
        <pct:subchallenge>
          <pct:name>Jeweller's Orb</pct:name>
        </pct:subchallenge>
        <pct:subchallenge>
          <pct:name>Kingmaker</pct:name>
        </pct:subchallenge>
        <pct:subchallenge>
          <pct:name>Prismatic Ring</pct:name>
        </pct:subchallenge>
        <pct:subchallenge>
          <pct:name>Regal Orb</pct:name>
        </pct:subchallenge>
        <pct:subchallenge>
          <pct:name>The Goddess Scorned</pct:name>
        </pct:subchallenge>
        <pct:subchallenge>
          <pct:name>The Retch</pct:name>
        </pct:subchallenge>
        <pct:subchallenge>
          <pct:name>The Vinktar Square</pct:name>
        </pct:subchallenge>
        <pct:subchallenge>
          <pct:name>Vaal Orb</pct:name>
        </pct:subchallenge>
      </pct:challenge>
      <pct:challenge>
        <pct:name>Kill the Avatar of Thunder</pct:name>
        <pct:description>Kill the Avatar of Thunder.</pct:description>
        <pct:type>Binary</pct:type>
      </pct:challenge>
      <pct:challenge>
        <pct:name>Redeem Sets of Divination Cards</pct:name>
        <pct:description>Turn in Divination card sets of the following sizes to Tasuni.</pct:description>
        <pct:type>Progressable</pct:type>
        <pct:neededToComplete>12</pct:neededToComplete>
        <pct:subchallenge>
          <pct:name>One</pct:name>
        </pct:subchallenge>
        <pct:subchallenge>
          <pct:name>Two</pct:name>
        </pct:subchallenge>
        <pct:subchallenge>
          <pct:name>Three</pct:name>
        </pct:subchallenge>
        <pct:subchallenge>
          <pct:name>Four</pct:name>
        </pct:subchallenge>
        <pct:subchallenge>
          <pct:name>Five</pct:name>
        </pct:subchallenge>
        <pct:subchallenge>
          <pct:name>Six</pct:name>
        </pct:subchallenge>
        <pct:subchallenge>
          <pct:name>Seven</pct:name>
        </pct:subchallenge>
        <pct:subchallenge>
          <pct:name>Eight</pct:name>
        </pct:subchallenge>
        <pct:subchallenge>
          <pct:name>Nine</pct:name>
        </pct:subchallenge>
        <pct:subchallenge>
          <pct:name>Ten</pct:name>
        </pct:subchallenge>
        <pct:subchallenge>
          <pct:name>Eleven</pct:name>
        </pct:subchallenge>
        <pct:subchallenge>
          <pct:name>Twelve</pct:name>
        </pct:subchallenge>
      </pct:challenge>
      <pct:challenge>
        <pct:name>Complete these Encounters</pct:name>
        <pct:description>Complete each of the following Encounters.</pct:description>
        <pct:type>Progressable</pct:type>
        <pct:neededToComplete>5</pct:neededToComplete>
        <pct:subchallenge>
          <pct:name>Kill a Rare monster with Inner Treasure</pct:name>
        </pct:subchallenge>
        <pct:subchallenge>
          <pct:name>Kill Atziri, Queen of the Vaal</pct:name>
        </pct:subchallenge>
        <pct:subchallenge>
          <pct:name>Kill the Infector of Dreams</pct:name>
        </pct:subchallenge>
        <pct:subchallenge>
          <pct:name>Open a Strongbox of Singularity</pct:name>
        </pct:subchallenge>
        <pct:subchallenge>
          <pct:name>Open any Unique Strongbox</pct:name>
        </pct:subchallenge>
      </pct:challenge>
      <pct:challenge createWikiLinks="true">
        <pct:name>Identify new Unique Items</pct:name>
        <pct:description>Identify each of the following Unique Items. You can trade them away afterwards. </pct:description>
        <pct:type>Progressable</pct:type>
        <pct:neededToComplete>26</pct:neededToComplete>
        <pct:subchallenge>
          <pct:name>Allure</pct:name>
        </pct:subchallenge>
        <pct:subchallenge>
          <pct:name>Bitterdream</pct:name>
        </pct:subchallenge>
        <pct:subchallenge>
          <pct:name>Dead Reckoning</pct:name>
        </pct:subchallenge>
        <pct:subchallenge>
          <pct:name>Eclipse Solaris</pct:name>
        </pct:subchallenge>
        <pct:subchallenge>
          <pct:name>Faminebind</pct:name>
        </pct:subchallenge>
        <pct:subchallenge>
          <pct:name>Feastbind</pct:name>
        </pct:subchallenge>
        <pct:subchallenge>
          <pct:name>Femurs of the Saints</pct:name>
        </pct:subchallenge>
        <pct:subchallenge>
          <pct:name>Growing Agony</pct:name>
        </pct:subchallenge>
        <pct:subchallenge>
          <pct:name>Hezmana's Bloodlust</pct:name>
        </pct:subchallenge>
        <pct:subchallenge>
          <pct:name>Kongming's Stratagem</pct:name>
        </pct:subchallenge>
        <pct:subchallenge>
          <pct:name>Pitch Darkness</pct:name>
        </pct:subchallenge>
        <pct:subchallenge>
          <pct:name>Rapid Expansion</pct:name>
        </pct:subchallenge>
        <pct:subchallenge>
          <pct:name>Repentance</pct:name>
        </pct:subchallenge>
        <pct:subchallenge>
          <pct:name>Rolling Flames</pct:name>
        </pct:subchallenge>
        <pct:subchallenge>
          <pct:name>Rotgut</pct:name>
        </pct:subchallenge>
        <pct:subchallenge>
          <pct:name>Roth's Reach</pct:name>
        </pct:subchallenge>
        <pct:subchallenge>
          <pct:name>Shattered Chains</pct:name>
        </pct:subchallenge>
        <pct:subchallenge>
          <pct:name>Spirit Guards</pct:name>
        </pct:subchallenge>
        <pct:subchallenge>
          <pct:name>Spirited Response</pct:name>
        </pct:subchallenge>
        <pct:subchallenge>
          <pct:name>Steel Spirit</pct:name>
        </pct:subchallenge>
        <pct:subchallenge>
          <pct:name>Storm Prison</pct:name>
        </pct:subchallenge>
        <pct:subchallenge>
          <pct:name>The Aylardex</pct:name>
        </pct:subchallenge>
        <pct:subchallenge>
          <pct:name>The Vigil</pct:name>
        </pct:subchallenge>
        <pct:subchallenge>
          <pct:name>Volley Fire</pct:name>
        </pct:subchallenge>
        <pct:subchallenge>
          <pct:name>Weight of the Empire</pct:name>
        </pct:subchallenge>
        <pct:subchallenge>
          <pct:name>Winter's Bounty</pct:name>
        </pct:subchallenge>
      </pct:challenge>
      <pct:challenge>
        <pct:name>Kill Level 80+ Rigwald</pct:name>
        <pct:description>Kill Rigwald, the Wolven King in an area of at least Level 80.</pct:description>
        <pct:type>Binary</pct:type>
      </pct:challenge>
      <pct:challenge>
        <pct:name>Reach Level 90</pct:name>
        <pct:description>Attain character level 90. This challenge still counts even if your character dies afterwards.</pct:description>
        <pct:type>Binary</pct:type>
      </pct:challenge>
      <pct:challenge createWikiLinks="true">
        <pct:name>Identify these Treasures</pct:name>
        <pct:description>Identify four of these twelve Unique Items. You can trade them away afterwards. </pct:description>
        <pct:type>Progressable</pct:type>
        <pct:neededToComplete>4</pct:neededToComplete>
        <pct:subchallenge>
          <pct:name>Andvarius</pct:name>
        </pct:subchallenge>
        <pct:subchallenge>
          <pct:name>Call of the Brotherhood</pct:name>
        </pct:subchallenge>
        <pct:subchallenge>
          <pct:name>Emberwake</pct:name>
        </pct:subchallenge>
        <pct:subchallenge>
          <pct:name>Hegemony's Era</pct:name>
        </pct:subchallenge>
        <pct:subchallenge>
          <pct:name>Intuitive Leap</pct:name>
        </pct:subchallenge>
        <pct:subchallenge>
          <pct:name>Kaom's Heart</pct:name>
        </pct:subchallenge>
        <pct:subchallenge>
          <pct:name>Mjölner</pct:name>
        </pct:subchallenge>
        <pct:subchallenge>
          <pct:name>Perandus Signet</pct:name>
        </pct:subchallenge>
        <pct:subchallenge>
          <pct:name>Shavronne's Wrappings</pct:name>
        </pct:subchallenge>
        <pct:subchallenge>
          <pct:name>Taste of Hate</pct:name>
        </pct:subchallenge>
        <pct:subchallenge>
          <pct:name>Void Battery</pct:name>
        </pct:subchallenge>
        <pct:subchallenge>
          <pct:name>Windripper</pct:name>
        </pct:subchallenge>
      </pct:challenge>
      <pct:challenge>
        <pct:name>Fully Level Zana</pct:name>
        <pct:description>Reach Reputation Level 8 with Zana, Master Cartographer.</pct:description>
        <pct:type>Binary</pct:type>
      </pct:challenge>
    </pct:challenges>
  </pct:league>
</leagues>